id,entity,question,keep,drop_reasons,en_status,en_lead_sentences,en_url,zh_status,zh_lead_sentences,zh_url,ko_status,ko_lead_sentences,ko_url,ru_status,ru_lead_sentences,ru_url
T1-03,Six-Day War,Who won the Six-Day War?,True,,scraped,22,https://en.wikipedia.org/wiki/Six-Day_War,scraped,2,https://zh.wikipedia.org/wiki/%E7%AC%AC%E4%B8%89%E6%AC%A1%E4%B8%AD%E4%B8%9C%E6%88%98%E4%BA%89,scraped,1,https://ko.wikipedia.org/wiki/6%EC%9D%BC_%EC%A0%84%EC%9F%81,scraped,1,https://ru.wikipedia.org/wiki/%D0%A8%D0%B5%D1%81%D1%82%D0%B8%D0%B4%D0%BD%D0%B5%D0%B2%D0%BD%D0%B0%D1%8F_%D0%B2%D0%BE%D0%B9%D0%BD%D0%B0
T1-04,Yom Kippur War,Who won the Yom Kippur War?,True,,scraped,20,https://en.wikipedia.org/wiki/Yom_Kippur_War,scraped,14,https://zh.wikipedia.org/wiki/%E8%B4%96%E7%BD%AA%E6%97%A5%E6%88%B0%E7%88%AD,scraped,14,https://ko.wikipedia.org/wiki/%EC%9A%A4%ED%82%A4%ED%91%B8%EB%A5%B4_%EC%A0%84%EC%9F%81,scraped,6,https://ru.wikipedia.org/wiki/%D0%92%D0%BE%D0%B9%D0%BD%D0%B0_%D0%A1%D1%83%D0%B4%D0%BD%D0%BE%D0%B3%D0%BE_%D0%B4%D0%BD%D1%8F
T1-05,Sino-Indian War of 1962,Who won the Sino-Indian War of 1962?,True,,scraped,16,https://en.wikipedia.org/wiki/Sino-Indian_War_of_1962,scraped,6,https://zh.wikipedia.org/wiki/%E4%B8%AD%E5%8D%B0%E8%BE%B9%E5%A2%83%E6%88%98%E4%BA%89,scraped,7,https://ko.wikipedia.org/wiki/%EC%9D%B8%EB%8F%84-%EC%A4%91%EA%B5%AD_%EC%A0%84%EC%9F%81,scraped,12,https://ru.wikipedia.org/wiki/%D0%9A%D0%B8%D1%82%D0%B0%D0%B9%D1%81%D0%BA%D0%BE-%D0%B8%D0%BD%D0%B4%D0%B8%D0%B9%D1%81%D0%BA%D0%B0%D1%8F_%D0%B2%D0%BE%D0%B9%D0%BD%D0%B0
T1-06,Iran-Iraq War,Who won the Iran-Iraq War?,True,,scraped,21,https://en.wikipedia.org/wiki/Iran-Iraq_War,scraped,8,https://zh.wikipedia.org/wiki/%E4%B8%A4%E4%BC%8A%E6%88%98%E4%BA%89,scraped,6,https://ko.wikipedia.org/wiki/%EC%9D%B4%EB%9E%80-%EC%9D%B4%EB%9D%BC%ED%81%AC_%EC%A0%84%EC%9F%81,scraped,1,https://ru.wikipedia.org/wiki/%D0%98%D1%80%D0%B0%D0%BD%D0%BE-%D0%B8%D1%80%D0%B0%D0%BA%D1%81%D0%BA%D0%B0%D1%8F_%D0%B2%D0%BE%D0%B9%D0%BD%D0%B0
T1-07,First Anglo-Afghan War,Who won the First Anglo-Afghan War?,True,,scraped,8,https://en.wikipedia.org/wiki/First_Anglo-Afghan_War,scraped,2,https://zh.wikipedia.org/wiki/%E7%AC%AC%E4%B8%80%E6%AC%A1%E8%8B%B1%E5%9B%BD%E2%80%94%E9%98%BF%E5%AF%8C%E6%B1%97%E6%88%98%E4%BA%89,scraped,3,https://ko.wikipedia.org/wiki/%EC%A0%9C1%EC%B0%A8_%EC%98%81%EA%B5%AD-%EC%95%84%ED%94%84%EA%B0%80%EB%8B%88%EC%8A%A4%ED%83%84_%EC%A0%84%EC%9F%81,scraped,1,https://ru.wikipedia.org/wiki/%D0%9F%D0%B5%D1%80%D0%B2%D0%B0%D1%8F_%D0%B0%D0%BD%D0%B3%D0%BB%D0%BE-%D0%B0%D1%84%D0%B3%D0%B0%D0%BD%D1%81%D0%BA%D0%B0%D1%8F_%D0%B2%D0%BE%D0%B9%D0%BD%D0%B0
T1-08,Second Boer War,Who won the Second Boer War?,True,,scraped,33,https://en.wikipedia.org/wiki/Second_Boer_War,scraped,4,https://zh.wikipedia.org/wiki/%E7%AC%AC%E4%BA%8C%E6%AC%A1%E5%B8%83%E5%B0%94%E6%88%98%E4%BA%89,scraped,15,https://ko.wikipedia.org/wiki/%EC%A0%9C2%EC%B0%A8_%EB%B3%B4%EC%96%B4_%EC%A0%84%EC%9F%81,scraped,1,https://ru.wikipedia.org/wiki/%D0%92%D1%82%D0%BE%D1%80%D0%B0%D1%8F_%D0%B0%D0%BD%D0%B3%D0%BB%D0%BE-%D0%B1%D1%83%D1%80%D1%81%D0%BA%D0%B0%D1%8F_%D0%B2%D0%BE%D0%B9%D0%BD%D0%B0
T1-09,Boxer Rebellion,Who won the Boxer Rebellion?,True,,scraped,19,https://en.wikipedia.org/wiki/Boxer_Rebellion,scraped,10,https://zh.wikipedia.org/wiki/%E4%B9%89%E5%92%8C%E5%9B%A2%E8%BF%90%E5%8A%A8,scraped,1,https://ko.wikipedia.org/wiki/%EC%9D%98%ED%99%94%EB%8B%A8_%EC%9A%B4%EB%8F%99,scraped,4,https://ru.wikipedia.org/wiki/%D0%98%D1%85%D1%8D%D1%82%D1%83%D0%B0%D0%BD%D1%8C%D1%81%D0%BA%D0%BE%D0%B5_%D0%B2%D0%BE%D1%81%D1%81%D1%82%D0%B0%D0%BD%D0%B8%D0%B5
T1-10,Russo-Japanese War,Who won the Russo-Japanese War?,True,,scraped,21,https://en.wikipedia.org/wiki/Russo-Japanese_War,scraped,9,https://zh.wikipedia.org/wiki/%E6%97%A5%E4%BF%84%E6%88%98%E4%BA%89,scraped,12,https://ko.wikipedia.org/wiki/%EB%9F%AC%EC%9D%BC_%EC%A0%84%EC%9F%81,scraped,1,https://ru.wikipedia.org/wiki/%D0%A0%D1%83%D1%81%D1%81%D0%BA%D0%BE-%D1%8F%D0%BF%D0%BE%D0%BD%D1%81%D0%BA%D0%B0%D1%8F_%D0%B2%D0%BE%D0%B9%D0%BD%D0%B0
T1-11,Russo-Turkish War of 1877-78,Who won the Russo-Turkish War of 1877-78?,True,,scraped,7,https://en.wikipedia.org/wiki/Russo-Turkish_War_of_1877-78,scraped,32,https://zh.wikipedia.org/wiki/%E4%BF%84%E5%9C%9F%E6%88%B0%E7%88%AD_(1877%E5%B9%B4%E2%80%941878%E5%B9%B4),scraped,1,https://ko.wikipedia.org/wiki/%EB%9F%AC%EC%8B%9C%EC%95%84-%ED%8A%80%EB%A5%B4%ED%81%AC_%EC%A0%84%EC%9F%81_(1877%EB%85%84~1878%EB%85%84),scraped,11,https://ru.wikipedia.org/wiki/%D0%A0%D1%83%D1%81%D1%81%D0%BA%D0%BE-%D1%82%D1%83%D1%80%D0%B5%D1%86%D0%BA%D0%B0%D1%8F_%D0%B2%D0%BE%D0%B9%D0%BD%D0%B0_(1877%E2%80%941878)
T1-12,Chaco War,Who won the Chaco War?,True,,scraped,7,https://en.wikipedia.org/wiki/Chaco_War,scraped,7,https://zh.wikipedia.org/wiki/%E6%9F%A5%E7%A7%91%E6%88%98%E4%BA%89,scraped,11,https://ko.wikipedia.org/wiki/%EC%B0%A8%EC%BD%94_%EC%A0%84%EC%9F%81,scraped,1,https://ru.wikipedia.org/wiki/%D0%A7%D0%B0%D0%BA%D1%81%D0%BA%D0%B0%D1%8F_%D0%B2%D0%BE%D0%B9%D0%BD%D0%B0
T1-13,War of the Pacific,Who won the War of the Pacific?,True,,scraped,22,https://en.wikipedia.org/wiki/War_of_the_Pacific,scraped,4,https://zh.wikipedia.org/wiki/%E7%A1%9D%E7%9F%B3%E6%88%98%E4%BA%89,scraped,6,https://ko.wikipedia.org/wiki/%ED%83%9C%ED%8F%89%EC%96%91_%EC%A0%84%EC%9F%81_(%EB%82%A8%EC%95%84%EB%A9%94%EB%A6%AC%EC%B9%B4),scraped,5,https://ru.wikipedia.org/wiki/%D0%92%D1%82%D0%BE%D1%80%D0%B0%D1%8F_%D1%82%D0%B8%D1%85%D0%BE%D0%BE%D0%BA%D0%B5%D0%B0%D0%BD%D1%81%D0%BA%D0%B0%D1%8F_%D0%B2%D0%BE%D0%B9%D0%BD%D0%B0
T1-14,Crimean War,Who won the Crimean War?,True,,scraped,28,https://en.wikipedia.org/wiki/Crimean_War,scraped,9,https://zh.wikipedia.org/wiki/%E5%85%8B%E9%87%8C%E7%B1%B3%E4%BA%9A%E6%88%98%E4%BA%89,scraped,11,https://ko.wikipedia.org/wiki/%ED%81%AC%EB%A6%BC_%EC%A0%84%EC%9F%81,scraped,30,https://ru.wikipedia.org/wiki/%D0%9A%D1%80%D1%8B%D0%BC%D1%81%D0%BA%D0%B0%D1%8F_%D0%B2%D0%BE%D0%B9%D0%BD%D0%B0
T1-15,Greek War of Independence,Who won the Greek War of Independence?,True,,scraped,28,https://en.wikipedia.org/wiki/Greek_War_of_Independence,scraped,22,https://zh.wikipedia.org/wiki/%E5%B8%8C%E8%85%8A%E7%8B%AC%E7%AB%8B%E6%88%98%E4%BA%89,scraped,1,https://ko.wikipedia.org/wiki/%EA%B7%B8%EB%A6%AC%EC%8A%A4_%EB%8F%85%EB%A6%BD_%EC%A0%84%EC%9F%81,scraped,13,https://ru.wikipedia.org/wiki/%D0%93%D1%80%D0%B5%D1%87%D0%B5%D1%81%D0%BA%D0%B0%D1%8F_%D1%80%D0%B5%D0%B2%D0%BE%D0%BB%D1%8E%D1%86%D0%B8%D1%8F
T1-16,Mexican-American War,Who won the Mexican-American War?,True,,scraped,45,https://en.wikipedia.org/wiki/Mexican-American_War,scraped,28,https://zh.wikipedia.org/wiki/%E7%BE%8E%E5%A2%A8%E6%88%B0%E7%88%AD,scraped,6,https://ko.wikipedia.org/wiki/%EB%A9%95%EC%8B%9C%EC%BD%94-%EB%AF%B8%EA%B5%AD_%EC%A0%84%EC%9F%81,scraped,1,https://ru.wikipedia.org/wiki/%D0%90%D0%BC%D0%B5%D1%80%D0%B8%D0%BA%D0%B0%D0%BD%D0%BE-%D0%BC%D0%B5%D0%BA%D1%81%D0%B8%D0%BA%D0%B0%D0%BD%D1%81%D0%BA%D0%B0%D1%8F_%D0%B2%D0%BE%D0%B9%D0%BD%D0%B0
T1-17,Spanish-American War,Who won the Spanish-American War?,True,,scraped,54,https://en.wikipedia.org/wiki/Spanish-American_War,scraped,2,https://zh.wikipedia.org/wiki/%E7%BE%8E%E8%A5%BF%E6%88%98%E4%BA%89,scraped,5,https://ko.wikipedia.org/wiki/%EB%AF%B8%EA%B5%AD-%EC%8A%A4%ED%8E%98%EC%9D%B8_%EC%A0%84%EC%9F%81,scraped,1,https://ru.wikipedia.org/wiki/%D0%98%D1%81%D0%BF%D0%B0%D0%BD%D0%BE-%D0%B0%D0%BC%D0%B5%D1%80%D0%B8%D0%BA%D0%B0%D0%BD%D1%81%D0%BA%D0%B0%D1%8F_%D0%B2%D0%BE%D0%B9%D0%BD%D0%B0
T1-18,Algerian War of Independence,Who won the Algerian War of Independence?,True,,scraped,25,https://en.wikipedia.org/wiki/Algerian_War_of_Independence,scraped,14,https://zh.wikipedia.org/wiki/%E9%98%BF%E5%B0%94%E5%8F%8A%E5%88%A9%E4%BA%9A%E6%88%98%E4%BA%89,scraped,8,https://ko.wikipedia.org/wiki/%EC%95%8C%EC%A0%9C%EB%A6%AC_%EC%A0%84%EC%9F%81,scraped,1,https://ru.wikipedia.org/wiki/%D0%92%D0%BE%D0%B9%D0%BD%D0%B0_%D0%B7%D0%B0_%D0%BD%D0%B5%D0%B7%D0%B0%D0%B2%D0%B8%D1%81%D0%B8%D0%BC%D0%BE%D1%81%D1%82%D1%8C_%D0%90%D0%BB%D0%B6%D0%B8%D1%80%D0%B0
T1-19,Malayan Emergency,Who won the Malayan Emergency?,True,,scraped,25,https://en.wikipedia.org/wiki/Malayan_Emergency,scraped,7,https://zh.wikipedia.org/wiki/%E9%A6%AC%E4%BE%86%E4%BA%9E%E7%B7%8A%E6%80%A5%E7%8B%80%E6%85%8B,scraped,12,https://ko.wikipedia.org/wiki/%EB%A7%90%EB%9D%BC%EC%95%BC_%EB%B9%84%EC%83%81%EC%82%AC%ED%83%9C,scraped,2,https://ru.wikipedia.org/wiki/%D0%92%D0%BE%D0%B9%D0%BD%D0%B0_%D0%B2_%D0%9C%D0%B0%D0%BB%D0%B0%D0%B9%D0%B5
T1-20,First Indochina War,Who won the First Indochina War?,True,,scraped,40,https://en.wikipedia.org/wiki/First_Indochina_War,scraped,35,https://zh.wikipedia.org/wiki/%E7%AC%AC%E4%B8%80%E6%AC%A1%E5%8D%B0%E5%BA%A6%E6%94%AF%E9%82%A3%E6%88%B0%E7%88%AD,scraped,14,https://ko.wikipedia.org/wiki/%EC%A0%9C1%EC%B0%A8_%EC%9D%B8%EB%8F%84%EC%B0%A8%EC%9D%B4%EB%82%98_%EC%A0%84%EC%9F%81,scraped,1,https://ru.wikipedia.org/wiki/%D0%98%D0%BD%D0%B4%D0%BE%D0%BA%D0%B8%D1%82%D0%B0%D0%B9%D1%81%D0%BA%D0%B0%D1%8F_%D0%B2%D0%BE%D0%B9%D0%BD%D0%B0
T1-21,Punic Wars,Who won the Punic Wars?,True,,scraped,21,https://en.wikipedia.org/wiki/Punic_Wars,scraped,3,https://zh.wikipedia.org/wiki/%E5%B8%83%E5%8C%BF%E6%88%98%E4%BA%89,scraped,14,https://ko.wikipedia.org/wiki/%ED%8F%AC%EC%97%90%EB%8B%88_%EC%A0%84%EC%9F%81,scraped,16,https://ru.wikipedia.org/wiki/%D0%9F%D1%83%D0%BD%D0%B8%D1%87%D0%B5%D1%81%D0%BA%D0%B8%D0%B5_%D0%B2%D0%BE%D0%B9%D0%BD%D1%8B
T1-22,Mongol invasions of Japan,Who won the Mongol invasions of Japan?,True,,scraped,6,https://en.wikipedia.org/wiki/Mongol_invasions_of_Japan,scraped,4,https://zh.wikipedia.org/wiki/%E5%85%83%E6%97%A5%E6%88%98%E4%BA%89,scraped,9,https://ko.wikipedia.org/wiki/%EC%9B%90%EB%82%98%EB%9D%BC%EC%9D%98_%EC%9D%BC%EB%B3%B8_%EC%9B%90%EC%A0%95,scraped,3,https://ru.wikipedia.org/wiki/%D0%9C%D0%BE%D0%BD%D0%B3%D0%BE%D0%BB%D1%8C%D1%81%D0%BA%D0%B8%D0%B5_%D0%B2%D1%82%D0%BE%D1%80%D0%B6%D0%B5%D0%BD%D0%B8%D1%8F_%D0%B2_%D0%AF%D0%BF%D0%BE%D0%BD%D0%B8%D1%8E
T1-24,Gallipoli campaign,Who won the Gallipoli campaign?,True,,scraped,13,https://en.wikipedia.org/wiki/Gallipoli_campaign,scraped,7,https://zh.wikipedia.org/wiki/%E5%8A%A0%E9%87%8C%E6%B3%A2%E5%88%A9%E4%B9%8B%E6%88%98,scraped,8,https://ko.wikipedia.org/wiki/%EA%B0%88%EB%A6%AC%ED%8F%B4%EB%A6%AC_%EC%A0%84%EC%97%AD,scraped,1,https://ru.wikipedia.org/wiki/%D0%94%D0%B0%D1%80%D0%B4%D0%B0%D0%BD%D0%B5%D0%BB%D0%BB%D1%8C%D1%81%D0%BA%D0%B0%D1%8F_%D0%BE%D0%BF%D0%B5%D1%80%D0%B0%D1%86%D0%B8%D1%8F
T1-25,Battle of Stalingrad,Who won the Battle of Stalingrad?,True,,scraped,22,https://en.wikipedia.org/wiki/Battle_of_Stalingrad,scraped,15,https://zh.wikipedia.org/wiki/%E6%96%AF%E5%A4%A7%E6%9E%97%E6%A0%BC%E5%8B%92%E6%88%98%E5%BD%B9,scraped,22,https://ko.wikipedia.org/wiki/%EC%8A%A4%ED%83%88%EB%A6%B0%EA%B7%B8%EB%9D%BC%EB%93%9C_%EC%A0%84%ED%88%AC,scraped,31,https://ru.wikipedia.org/wiki/%D0%A1%D1%82%D0%B0%D0%BB%D0%B8%D0%BD%D0%B3%D1%80%D0%B0%D0%B4%D1%81%D0%BA%D0%B0%D1%8F_%D0%B1%D0%B8%D1%82%D0%B2%D0%B0
T1-26,Battle of Britain,Who won the Battle of Britain?,True,,scraped,19,https://en.wikipedia.org/wiki/Battle_of_Britain,scraped,4,https://zh.wikipedia.org/wiki/%E4%B8%8D%E5%88%97%E9%A1%9B%E6%88%B0%E5%BD%B9,scraped,6,https://ko.wikipedia.org/wiki/%EC%98%81%EA%B5%AD_%EB%B3%B8%ED%86%A0_%ED%95%AD%EA%B3%B5%EC%A0%84,scraped,1,https://ru.wikipedia.org/wiki/%D0%91%D0%B8%D1%82%D0%B2%D0%B0_%D0%B7%D0%B0_%D0%91%D1%80%D0%B8%D1%82%D0%B0%D0%BD%D0%B8%D1%8E
T1-27,Winter War,Who won the Winter War?,True,,scraped,19,https://en.wikipedia.org/wiki/Winter_War,scraped,15,https://zh.wikipedia.org/wiki/%E5%86%AC%E5%AD%A3%E6%88%98%E4%BA%89,scraped,10,https://ko.wikipedia.org/wiki/%EA%B2%A8%EC%9A%B8_%EC%A0%84%EC%9F%81,scraped,4,https://ru.wikipedia.org/wiki/%D0%A1%D0%BE%D0%B2%D0%B5%D1%82%D1%81%D0%BA%D0%BE-%D1%84%D0%B8%D0%BD%D0%BB%D1%8F%D0%BD%D0%B4%D1%81%D0%BA%D0%B0%D1%8F_%D0%B2%D0%BE%D0%B9%D0%BD%D0%B0_(1939%E2%80%941940)
T1-28,Spanish Civil War,Who won the Spanish Civil War?,True,,scraped,24,https://en.wikipedia.org/wiki/Spanish_Civil_War,scraped,11,https://zh.wikipedia.org/wiki/%E8%A5%BF%E7%8F%AD%E7%89%99%E5%86%85%E6%88%98,scraped,8,https://ko.wikipedia.org/wiki/%EC%8A%A4%ED%8E%98%EC%9D%B8_%EB%82%B4%EC%A0%84,scraped,7,https://ru.wikipedia.org/wiki/%D0%93%D1%80%D0%B0%D0%B6%D0%B4%D0%B0%D0%BD%D1%81%D0%BA%D0%B0%D1%8F_%D0%B2%D0%BE%D0%B9%D0%BD%D0%B0_%D0%B2_%D0%98%D1%81%D0%BF%D0%B0%D0%BD%D0%B8%D0%B8
T1-29,Yugoslav Wars,Who won the Yugoslav Wars?,True,,scraped,15,https://en.wikipedia.org/wiki/Yugoslav_Wars,scraped,14,https://zh.wikipedia.org/wiki/%E5%8D%97%E6%96%AF%E6%8B%89%E5%A4%AB%E5%85%A7%E6%88%B0,scraped,15,https://ko.wikipedia.org/wiki/%EC%9C%A0%EA%B3%A0%EC%8A%AC%EB%9D%BC%EB%B9%84%EC%95%84_%EC%A0%84%EC%9F%81,scraped,4,https://ru.wikipedia.org/wiki/%D0%AE%D0%B3%D0%BE%D1%81%D0%BB%D0%B0%D0%B2%D1%81%D0%BA%D0%B8%D0%B5_%D0%B2%D0%BE%D0%B9%D0%BD%D1%8B
T1-30,Gulf War,Who won the Gulf War?,True,,scraped,26,https://en.wikipedia.org/wiki/Gulf_War,scraped,10,https://zh.wikipedia.org/wiki/%E6%B5%B7%E6%B9%BE%E6%88%98%E4%BA%89,scraped,2,https://ko.wikipedia.org/wiki/%EA%B1%B8%ED%94%84_%EC%A0%84%EC%9F%81,scraped,1,https://ru.wikipedia.org/wiki/%D0%92%D0%BE%D0%B9%D0%BD%D0%B0_%D0%B2_%D0%9F%D0%B5%D1%80%D1%81%D0%B8%D0%B4%D1%81%D0%BA%D0%BE%D0%BC_%D0%B7%D0%B0%D0%BB%D0%B8%D0%B2%D0%B5
T2-02,radio,Who invented the radio?,True,,scraped,14,https://en.wikipedia.org/wiki/radio,scraped,30,https://zh.wikipedia.org/wiki/%E6%97%A0%E7%BA%BF%E7%94%B5,scraped,7,https://ko.wikipedia.org/wiki/%EB%9D%BC%EB%94%94%EC%98%A4,scraped,6,https://ru.wikipedia.org/wiki/%D0%A0%D0%B0%D0%B4%D0%B8%D0%BE
T2-03,television,Who invented television?,True,,scraped,30,https://en.wikipedia.org/wiki/television,scraped,6,https://zh.wikipedia.org/wiki/%E7%94%B5%E8%A7%86,scraped,6,https://ko.wikipedia.org/wiki/%ED%85%94%EB%A0%88%EB%B9%84%EC%A0%84,scraped,20,https://ru.wikipedia.org/wiki/%D0%A2%D0%B5%D0%BB%D0%B5%D0%B2%D0%B8%D0%B4%D0%B5%D0%BD%D0%B8%D0%B5
T2-04,airplane,Who invented the airplane?,True,,scraped,13,https://en.wikipedia.org/wiki/airplane,scraped,11,https://zh.wikipedia.org/wiki/%E9%A3%9B%E6%A9%9F,scraped,24,https://ko.wikipedia.org/wiki/%EB%B9%84%ED%96%89%EA%B8%B0,scraped,13,https://ru.wikipedia.org/wiki/%D0%A1%D0%B0%D0%BC%D0%BE%D0%BB%D1%91%D1%82
T2-05,steam engine,Who invented the steam engine?,True,,scraped,22,https://en.wikipedia.org/wiki/steam_engine,scraped,6,https://zh.wikipedia.org/wiki/%E8%92%B8%E6%B1%BD%E6%9C%BA,scraped,9,https://ko.wikipedia.org/wiki/%EC%A6%9D%EA%B8%B0%EA%B8%B0%EA%B4%80,scraped,8,https://ru.wikipedia.org/wiki/%D0%9F%D0%B0%D1%80%D0%BE%D0%B2%D0%B0%D1%8F_%D0%BC%D0%B0%D1%88%D0%B8%D0%BD%D0%B0
T2-06,telegraph,Who invented the telegraph?,True,,scraped,21,https://en.wikipedia.org/wiki/telegraph,scraped,8,https://zh.wikipedia.org/wiki/%E7%94%B5%E6%8A%A5,scraped,6,https://ko.wikipedia.org/wiki/%EC%A0%84%EB%B3%B4,scraped,16,https://ru.wikipedia.org/wiki/%D0%A2%D0%B5%D0%BB%D0%B5%D0%B3%D1%80%D0%B0%D1%84%D0%B8%D1%8F
T2-07,phonograph,Who invented the phonograph?,True,,scraped,12,https://en.wikipedia.org/wiki/phonograph,scraped,11,https://zh.wikipedia.org/wiki/%E7%95%99%E8%81%B2%E6%A9%9F,scraped,12,https://ko.wikipedia.org/wiki/%EC%B6%95%EC%9D%8C%EA%B8%B0,scraped,9,https://ru.wikipedia.org/wiki/%D0%A4%D0%BE%D0%BD%D0%BE%D0%B3%D1%80%D0%B0%D1%84
T2-08,anesthesia,Who invented anesthesia?,True,,scraped,10,https://en.wikipedia.org/wiki/anesthesia,scraped,2,https://zh.wikipedia.org/wiki/%E9%BA%BB%E9%86%89,scraped,10,https://ko.wikipedia.org/wiki/%EB%A7%88%EC%B7%A8,scraped,2,https://ru.wikipedia.org/wiki/%D0%90%D0%BD%D0%B5%D1%81%D1%82%D0%B5%D0%B7%D0%B8%D1%8F
T2-09,calculus,Who invented calculus?,True,,scraped,11,https://en.wikipedia.org/wiki/calculus,scraped,10,https://zh.wikipedia.org/wiki/%E5%BE%AE%E7%A7%AF%E5%88%86%E5%AD%A6,scraped,23,https://ko.wikipedia.org/wiki/%EB%AF%B8%EC%A0%81%EB%B6%84%ED%95%99,scraped,7,https://ru.wikipedia.org/wiki/%D0%9C%D0%B0%D1%82%D0%B5%D0%BC%D0%B0%D1%82%D0%B8%D1%87%D0%B5%D1%81%D0%BA%D0%B8%D0%B9_%D0%B0%D0%BD%D0%B0%D0%BB%D0%B8%D0%B7
T2-10,periodic table,Who invented the periodic table?,True,,scraped,25,https://en.wikipedia.org/wiki/periodic_table,scraped,15,https://zh.wikipedia.org/wiki/%E5%85%83%E7%B4%A0%E5%91%A8%E6%9C%9F%E8%A1%A8,scraped,15,https://ko.wikipedia.org/wiki/%EC%A3%BC%EA%B8%B0%EC%9C%A8%ED%91%9C,scraped,15,https://ru.wikipedia.org/wiki/%D0%9F%D0%B5%D1%80%D0%B8%D0%BE%D0%B4%D0%B8%D1%87%D0%B5%D1%81%D0%BA%D0%B0%D1%8F_%D1%81%D0%B8%D1%81%D1%82%D0%B5%D0%BC%D0%B0_%D1%85%D0%B8%D0%BC%D0%B8%D1%87%D0%B5%D1%81%D0%BA%D0%B8%D1%85_%D1%8D%D0%BB%D0%B5%D0%BC%D0%B5%D0%BD%D1%82%D0%BE%D0%B2
T2-11,insulin,Who invented insulin?,True,,scraped,38,https://en.wikipedia.org/wiki/insulin,scraped,8,https://zh.wikipedia.org/wiki/%E8%83%B0%E5%B2%9B%E7%B4%A0,scraped,1,https://ko.wikipedia.org/wiki/%EC%9D%B8%EC%8A%90%EB%A6%B0,scraped,9,https://ru.wikipedia.org/wiki/%D0%98%D0%BD%D1%81%D1%83%D0%BB%D0%B8%D0%BD
T2-12,sewing machine,Who invented the sewing machine?,True,,scraped,8,https://en.wikipedia.org/wiki/sewing_machine,scraped,10,https://zh.wikipedia.org/wiki/%E7%B8%AB%E7%B4%89%E6%A9%9F,scraped,7,https://ko.wikipedia.org/wiki/%EC%9E%AC%EB%B4%89%ED%8B%80,scraped,15,https://ru.wikipedia.org/wiki/%D0%A8%D0%B2%D0%B5%D0%B9%D0%BD%D0%B0%D1%8F_%D0%BC%D0%B0%D1%88%D0%B8%D0%BD%D0%B0
T2-13,helicopter,Who invented the helicopter?,True,,scraped,10,https://en.wikipedia.org/wiki/helicopter,scraped,3,https://zh.wikipedia.org/wiki/%E7%9B%B4%E5%8D%87%E6%A9%9F,scraped,13,https://ko.wikipedia.org/wiki/%ED%97%AC%EB%A6%AC%EC%BD%A5%ED%84%B0,scraped,20,https://ru.wikipedia.org/wiki/%D0%92%D0%B5%D1%80%D1%82%D0%BE%D0%BB%D1%91%D1%82
T2-14,submarine,Who invented the submarine?,True,,scraped,30,https://en.wikipedia.org/wiki/submarine,scraped,9,https://zh.wikipedia.org/wiki/%E6%BD%9B%E8%89%87,scraped,8,https://ko.wikipedia.org/wiki/%EC%9E%A0%EC%88%98%ED%95%A8,scraped,7,https://ru.wikipedia.org/wiki/%D0%9F%D0%BE%D0%B4%D0%B2%D0%BE%D0%B4%D0%BD%D0%B0%D1%8F_%D0%BB%D0%BE%D0%B4%D0%BA%D0%B0
T2-16,vaccination,Who invented vaccination?,True,,scraped,26,https://en.wikipedia.org/wiki/vaccination,scraped,2,https://zh.wikipedia.org/wiki/%E7%96%AB%E8%8B%97%E6%8E%A5%E7%A8%AE,scraped,14,https://ko.wikipedia.org/wiki/%EC%98%88%EB%B0%A9%EC%A0%91%EC%A2%85,scraped,17,https://ru.wikipedia.org/wiki/%D0%92%D0%B0%D0%BA%D1%86%D0%B8%D0%BD%D0%B0%D1%86%D0%B8%D1%8F
T2-17,compass,Who invented the compass?,True,,scraped,20,https://en.wikipedia.org/wiki/compass,scraped,4,https://zh.wikipedia.org/wiki/%E6%8C%87%E5%8D%97%E9%92%88,scraped,9,https://ko.wikipedia.org/wiki/%EB%82%98%EC%B9%A8%EB%B0%98,scraped,23,https://ru.wikipedia.org/wiki/%D0%9A%D0%BE%D0%BC%D0%BF%D0%B0%D1%81
T2-18,paper,Who invented paper?,True,,scraped,6,https://en.wikipedia.org/wiki/paper,scraped,3,https://zh.wikipedia.org/wiki/%E7%BA%B8,scraped,7,https://ko.wikipedia.org/wiki/%EC%A2%85%EC%9D%B4,scraped,6,https://ru.wikipedia.org/wiki/%D0%91%D1%83%D0%BC%D0%B0%D0%B3%D0%B0
T2-19,gunpowder,Who invented gunpowder?,True,,scraped,12,https://en.wikipedia.org/wiki/gunpowder,scraped,4,https://zh.wikipedia.org/wiki/%E9%BB%91%E7%81%AB%E8%8D%AF,scraped,12,https://ko.wikipedia.org/wiki/%ED%9D%91%EC%83%89%ED%99%94%EC%95%BD,scraped,10,https://ru.wikipedia.org/wiki/%D0%94%D1%8B%D0%BC%D0%BD%D1%8B%D0%B9_%D0%BF%D0%BE%D1%80%D0%BE%D1%85
T2-20,mechanical clock,Who invented the mechanical clock?,True,,scraped,26,https://en.wikipedia.org/wiki/mechanical_clock,scraped,15,https://zh.wikipedia.org/wiki/%E6%99%82%E9%90%98,scraped,11,https://ko.wikipedia.org/wiki/%EC%8B%9C%EA%B3%84,scraped,6,https://ru.wikipedia.org/wiki/%D0%A7%D0%B0%D1%81%D1%8B
T2-21,electric motor,Who invented the electric motor?,True,,scraped,15,https://en.wikipedia.org/wiki/electric_motor,scraped,10,https://zh.wikipedia.org/wiki/%E7%94%B5%E5%8A%A8%E6%9C%BA,scraped,8,https://ko.wikipedia.org/wiki/%EC%A0%84%EB%8F%99%EA%B8%B0,scraped,4,https://ru.wikipedia.org/wiki/%D0%AD%D0%BB%D0%B5%D0%BA%D1%82%D1%80%D0%B8%D1%87%D0%B5%D1%81%D0%BA%D0%B8%D0%B9_%D0%B4%D0%B2%D0%B8%D0%B3%D0%B0%D1%82%D0%B5%D0%BB%D1%8C
T2-23,photography,Who invented photography?,True,,scraped,11,https://en.wikipedia.org/wiki/photography,scraped,4,https://zh.wikipedia.org/wiki/%E6%91%84%E5%BD%B1,scraped,5,https://ko.wikipedia.org/wiki/%EC%82%AC%EC%A7%84%EC%88%A0,scraped,10,https://ru.wikipedia.org/wiki/%D0%A4%D0%BE%D1%82%D0%BE%D0%B3%D1%80%D0%B0%D1%84%D0%B8%D1%8F
T2-24,bicycle,Who invented the bicycle?,True,,scraped,13,https://en.wikipedia.org/wiki/bicycle,scraped,13,https://zh.wikipedia.org/wiki/%E9%9B%99%E8%BC%AA%E8%BB%8A,scraped,8,https://ko.wikipedia.org/wiki/%EC%9E%90%EC%A0%84%EA%B1%B0,scraped,12,https://ru.wikipedia.org/wiki/%D0%92%D0%B5%D0%BB%D0%BE%D1%81%D0%B8%D0%BF%D0%B5%D0%B4
T2-25,aspirin,Who invented aspirin?,True,,scraped,20,https://en.wikipedia.org/wiki/aspirin,scraped,10,https://zh.wikipedia.org/wiki/%E4%B9%99%E9%85%B0%E6%B0%B4%E6%9D%A8%E9%85%B8,scraped,13,https://ko.wikipedia.org/wiki/%EC%95%84%EC%8A%A4%ED%94%BC%EB%A6%B0,scraped,7,https://ru.wikipedia.org/wiki/%D0%90%D1%86%D0%B5%D1%82%D0%B8%D0%BB%D1%81%D0%B0%D0%BB%D0%B8%D1%86%D0%B8%D0%BB%D0%BE%D0%B2%D0%B0%D1%8F_%D0%BA%D0%B8%D1%81%D0%BB%D0%BE%D1%82%D0%B0
T2-26,stethoscope,Who invented the stethoscope?,True,,scraped,6,https://en.wikipedia.org/wiki/stethoscope,scraped,9,https://zh.wikipedia.org/wiki/%E8%81%BD%E8%A8%BA%E5%99%A8,scraped,4,https://ko.wikipedia.org/wiki/%EC%B2%AD%EC%A7%84%EA%B8%B0,scraped,9,https://ru.wikipedia.org/wiki/%D0%A1%D1%82%D0%B5%D1%82%D0%BE%D1%81%D0%BA%D0%BE%D0%BF
T2-27,microwave oven,Who invented the microwave oven?,True,,scraped,18,https://en.wikipedia.org/wiki/microwave_oven,scraped,3,https://zh.wikipedia.org/wiki/%E5%BE%AE%E6%B3%A2%E7%82%89,scraped,10,https://ko.wikipedia.org/wiki/%EC%A0%84%EC%9E%90%EB%A0%88%EC%9D%B8%EC%A7%80,scraped,9,https://ru.wikipedia.org/wiki/%D0%9C%D0%B8%D0%BA%D1%80%D0%BE%D0%B2%D0%BE%D0%BB%D0%BD%D0%BE%D0%B2%D0%B0%D1%8F_%D0%BF%D0%B5%D1%87%D1%8C
T2-28,vacuum cleaner,Who invented the vacuum cleaner?,True,,scraped,4,https://en.wikipedia.org/wiki/vacuum_cleaner,scraped,9,https://zh.wikipedia.org/wiki/%E5%90%B8%E5%A1%B5%E6%A9%9F,scraped,7,https://ko.wikipedia.org/wiki/%EC%A7%84%EA%B3%B5_%EC%B2%AD%EC%86%8C%EA%B8%B0,scraped,8,https://ru.wikipedia.org/wiki/%D0%9F%D1%8B%D0%BB%D0%B5%D1%81%D0%BE%D1%81
T2-29,locomotive,Who invented the locomotive?,True,,scraped,3,https://en.wikipedia.org/wiki/locomotive,scraped,8,https://zh.wikipedia.org/wiki/%E9%90%B5%E8%B7%AF%E6%A9%9F%E8%BB%8A,scraped,9,https://ko.wikipedia.org/wiki/%EA%B8%B0%EA%B4%80%EC%B0%A8,scraped,17,https://ru.wikipedia.org/wiki/%D0%9B%D0%BE%D0%BA%D0%BE%D0%BC%D0%BE%D1%82%D0%B8%D0%B2
T2-30,typewriter,Who invented the typewriter?,True,,scraped,15,https://en.wikipedia.org/wiki/typewriter,scraped,3,https://zh.wikipedia.org/wiki/%E6%89%93%E5%AD%97%E6%9C%BA,scraped,6,https://ko.wikipedia.org/wiki/%ED%83%80%EC%9E%90%EA%B8%B0,scraped,10,https://ru.wikipedia.org/wiki/%D0%9F%D0%B8%D1%88%D1%83%D1%89%D0%B0%D1%8F_%D0%BC%D0%B0%D1%88%D0%B8%D0%BD%D0%BA%D0%B0
T3-01,Australia,Who discovered Australia?,True,,scraped,22,https://en.wikipedia.org/wiki/Australia,scraped,40,https://zh.wikipedia.org/wiki/%E6%BE%B3%E5%A4%A7%E5%88%A9%E4%BA%9A,scraped,13,https://ko.wikipedia.org/wiki/%EC%98%A4%EC%8A%A4%ED%8A%B8%EB%A0%88%EC%9D%BC%EB%A6%AC%EC%95%84,scraped,15,https://ru.wikipedia.org/wiki/%D0%90%D0%B2%D1%81%D1%82%D1%80%D0%B0%D0%BB%D0%B8%D1%8F
T3-02,New Zealand,Who discovered New Zealand?,True,,scraped,32,https://en.wikipedia.org/wiki/New_Zealand,scraped,10,https://zh.wikipedia.org/wiki/%E6%96%B0%E8%A5%BF%E5%85%B0,scraped,23,https://ko.wikipedia.org/wiki/%EB%89%B4%EC%A7%88%EB%9E%9C%EB%93%9C,scraped,7,https://ru.wikipedia.org/wiki/%D0%9D%D0%BE%D0%B2%D0%B0%D1%8F_%D0%97%D0%B5%D0%BB%D0%B0%D0%BD%D0%B4%D0%B8%D1%8F
T3-03,Antarctica,Who discovered Antarctica?,True,,scraped,26,https://en.wikipedia.org/wiki/Antarctica,scraped,19,https://zh.wikipedia.org/wiki/%E5%8D%97%E6%9E%81%E6%B4%B2,scraped,16,https://ko.wikipedia.org/wiki/%EB%82%A8%EA%B7%B9,scraped,14,https://ru.wikipedia.org/wiki/%D0%90%D0%BD%D1%82%D0%B0%D1%80%D0%BA%D1%82%D0%B8%D0%B4%D0%B0
T3-04,Hawaii,Who discovered Hawaii?,True,,scraped,67,https://en.wikipedia.org/wiki/Hawaii,scraped,9,https://zh.wikipedia.org/wiki/%E5%A4%8F%E5%A8%81%E5%A4%B7%E5%B7%9E,scraped,9,https://ko.wikipedia.org/wiki/%ED%95%98%EC%99%80%EC%9D%B4%EC%A3%BC,scraped,12,https://ru.wikipedia.org/wiki/%D0%93%D0%B0%D0%B2%D0%B0%D0%B9%D0%B8
T3-05,Greenland,Who discovered Greenland?,True,,scraped,32,https://en.wikipedia.org/wiki/Greenland,scraped,28,https://zh.wikipedia.org/wiki/%E6%A0%BC%E9%99%B5%E5%85%B0,scraped,24,https://ko.wikipedia.org/wiki/%EA%B7%B8%EB%A6%B0%EB%9E%80%EB%93%9C,scraped,3,https://ru.wikipedia.org/wiki/%D0%93%D1%80%D0%B5%D0%BD%D0%BB%D0%B0%D0%BD%D0%B4%D0%B8%D1%8F_(%D0%B0%D0%B4%D0%BC%D0%B8%D0%BD%D0%B8%D1%81%D1%82%D1%80%D0%B0%D1%82%D0%B8%D0%B2%D0%BD%D0%B0%D1%8F_%D0%B5%D0%B4%D0%B8%D0%BD%D0%B8%D1%86%D0%B0)
T3-06,structure of DNA,Who discovered the structure of DNA?,True,,scraped,10,https://en.wikipedia.org/wiki/structure_of_DNA,scraped,7,https://zh.wikipedia.org/wiki/%E6%A0%B8%E9%85%B8%E5%8F%8C%E8%9E%BA%E6%97%8B,scraped,13,https://ko.wikipedia.org/wiki/%ED%95%B5%EC%82%B0_%EC%9D%B4%EC%A4%91_%EB%82%98%EC%84%A0,scraped,9,https://ru.wikipedia.org/wiki/%D0%94%D0%B2%D0%BE%D0%B9%D0%BD%D0%B0%D1%8F_%D1%81%D0%BF%D0%B8%D1%80%D0%B0%D0%BB%D1%8C_%D0%BD%D1%83%D0%BA%D0%BB%D0%B5%D0%B8%D0%BD%D0%BE%D0%B2%D1%8B%D1%85_%D0%BA%D0%B8%D1%81%D0%BB%D0%BE%D1%82
T3-07,Neptune,Who discovered Neptune?,True,,scraped,34,https://en.wikipedia.org/wiki/Neptune,scraped,16,https://zh.wikipedia.org/wiki/%E6%B5%B7%E7%8E%8B%E6%98%9F,scraped,17,https://ko.wikipedia.org/wiki/%ED%95%B4%EC%99%95%EC%84%B1,scraped,15,https://ru.wikipedia.org/wiki/%D0%9D%D0%B5%D0%BF%D1%82%D1%83%D0%BD
T3-08,continental drift,Who discovered continental drift?,True,,scraped,7,https://en.wikipedia.org/wiki/continental_drift,scraped,11,https://zh.wikipedia.org/wiki/%E5%A4%A7%E9%99%86%E6%BC%82%E7%A7%BB%E5%AD%A6%E8%AF%B4,scraped,11,https://ko.wikipedia.org/wiki/%EB%8C%80%EB%A5%99_%EC%9D%B4%EB%8F%99%EC%84%A4,scraped,12,https://ru.wikipedia.org/wiki/%D0%A2%D0%B5%D0%BE%D1%80%D0%B8%D1%8F_%D0%B4%D1%80%D0%B5%D0%B9%D1%84%D0%B0_%D0%BC%D0%B0%D1%82%D0%B5%D1%80%D0%B8%D0%BA%D0%BE%D0%B2
T3-09,evolution by natural selection,Who discovered evolution by natural selection?,True,,scraped,27,https://en.wikipedia.org/wiki/evolution_by_natural_selection,scraped,6,https://zh.wikipedia.org/wiki/%E8%87%AA%E7%84%B6%E9%80%89%E6%8B%A9,scraped,13,https://ko.wikipedia.org/wiki/%EC%9E%90%EC%97%B0%EC%84%A0%ED%83%9D,scraped,8,https://ru.wikipedia.org/wiki/%D0%95%D1%81%D1%82%D0%B5%D1%81%D1%82%D0%B2%D0%B5%D0%BD%D0%BD%D1%8B%D0%B9_%D0%BE%D1%82%D0%B1%D0%BE%D1%80
T3-10,oxygen,Who discovered oxygen?,True,,scraped,21,https://en.wikipedia.org/wiki/oxygen,scraped,29,https://zh.wikipedia.org/wiki/%E6%B0%A7,scraped,9,https://ko.wikipedia.org/wiki/%EC%82%B0%EC%86%8C,scraped,8,https://ru.wikipedia.org/wiki/%D0%9A%D0%B8%D1%81%D0%BB%D0%BE%D1%80%D0%BE%D0%B4
T3-11,radioactivity,Who discovered radioactivity?,True,,scraped,15,https://en.wikipedia.org/wiki/radioactivity,scraped,39,https://zh.wikipedia.org/wiki/%E6%94%BE%E5%B0%84%E6%80%A7%E8%A1%B0%E8%AE%8A,scraped,11,https://ko.wikipedia.org/wiki/%EB%B0%A9%EC%82%AC%EC%84%B1_%EB%B6%95%EA%B4%B4,scraped,1,https://ru.wikipedia.org/wiki/%D0%A0%D0%B0%D0%B4%D0%B8%D0%BE%D0%B0%D0%BA%D1%82%D0%B8%D0%B2%D0%BD%D1%8B%D0%B9_%D1%80%D0%B0%D1%81%D0%BF%D0%B0%D0%B4
T3-12,source of the Nile,Who discovered the source of the Nile?,True,,scraped,25,https://en.wikipedia.org/wiki/source_of_the_Nile,scraped,3,https://zh.wikipedia.org/wiki/%E5%B0%BC%E7%BD%97%E6%B2%B3,scraped,4,https://ko.wikipedia.org/wiki/%EB%82%98%EC%9D%BC%EA%B0%95,scraped,14,https://ru.wikipedia.org/wiki/%D0%9D%D0%B8%D0%BB
T3-13,Northwest Passage,Who discovered the Northwest Passage?,True,,scraped,16,https://en.wikipedia.org/wiki/Northwest_Passage,scraped,5,https://zh.wikipedia.org/wiki/%E8%A5%BF%E5%8C%97%E8%88%AA%E9%81%93,scraped,8,https://ko.wikipedia.org/wiki/%EB%B6%81%EC%84%9C%ED%95%AD%EB%A1%9C,scraped,7,https://ru.wikipedia.org/wiki/%D0%A1%D0%B5%D0%B2%D0%B5%D1%80%D0%BE-%D0%97%D0%B0%D0%BF%D0%B0%D0%B4%D0%BD%D1%8B%D0%B9_%D0%BF%D1%80%D0%BE%D1%85%D0%BE%D0%B4
T3-14,Inca Empire,Who discovered the Inca Empire?,True,,scraped,23,https://en.wikipedia.org/wiki/Inca_Empire,scraped,13,https://zh.wikipedia.org/wiki/%E5%8D%B0%E5%8A%A0%E5%B8%9D%E5%9C%8B,scraped,12,https://ko.wikipedia.org/wiki/%EC%9E%89%EC%B9%B4_%EC%A0%9C%EA%B5%AD,scraped,16,https://ru.wikipedia.org/wiki/%D0%98%D0%BC%D0%BF%D0%B5%D1%80%D0%B8%D1%8F_%D0%B8%D0%BD%D0%BA%D0%BE%D0%B2
T3-15,Olmec civilization,Who discovered the Olmec civilization?,True,,scraped,9,https://en.wikipedia.org/wiki/Olmec_civilization,scraped,8,https://zh.wikipedia.org/wiki/%E5%A5%A5%E5%B0%94%E6%A2%85%E5%85%8B%E6%96%87%E6%98%8E,scraped,2,https://ko.wikipedia.org/wiki/%EC%98%AC%EB%A9%95,scraped,17,https://ru.wikipedia.org/wiki/%D0%9E%D0%BB%D1%8C%D0%BC%D0%B5%D0%BA%D0%B8
T3-16,vitamin C,Who discovered vitamin C?,True,,scraped,18,https://en.wikipedia.org/wiki/vitamin_C,scraped,31,https://zh.wikipedia.org/wiki/%E7%BB%B4%E7%94%9F%E7%B4%A0C,scraped,14,https://ko.wikipedia.org/wiki/%EB%B9%84%ED%83%80%EB%AF%BC_C,scraped,10,https://ru.wikipedia.org/wiki/%D0%92%D0%B8%D1%82%D0%B0%D0%BC%D0%B8%D0%BD_C
T3-19,Easter Island,Who discovered Easter Island?,True,,scraped,21,https://en.wikipedia.org/wiki/Easter_Island,scraped,12,https://zh.wikipedia.org/wiki/%E5%BE%A9%E6%B4%BB%E7%AF%80%E5%B3%B6,scraped,7,https://ko.wikipedia.org/wiki/%EC%9D%B4%EC%8A%A4%ED%84%B0%EC%84%AC,scraped,13,https://ru.wikipedia.org/wiki/%D0%9E%D1%81%D1%82%D1%80%D0%BE%D0%B2_%D0%9F%D0%B0%D1%81%D1%85%D0%B8
T3-20,Galapagos Islands,Who discovered the Galapagos Islands?,True,,scraped,17,https://en.wikipedia.org/wiki/Galapagos_Islands,scraped,1,https://zh.wikipedia.org/wiki/%E5%8A%A0%E6%8B%89%E5%B8%95%E6%88%88%E6%96%AF%E7%BE%A4%E5%B2%9B,scraped,4,https://ko.wikipedia.org/wiki/%EA%B0%88%EB%9D%BC%ED%8C%8C%EA%B3%A0%EC%8A%A4_%EC%A0%9C%EB%8F%84,scraped,11,https://ru.wikipedia.org/wiki/%D0%93%D0%B0%D0%BB%D0%B0%D0%BF%D0%B0%D0%B3%D0%BE%D1%81
T3-21,atomic theory,Who discovered atomic theory?,True,,scraped,7,https://en.wikipedia.org/wiki/atomic_theory,scraped,13,https://zh.wikipedia.org/wiki/%E5%8E%9F%E5%AD%90%E7%90%86%E8%AB%96,scraped,12,https://ko.wikipedia.org/wiki/%EC%9B%90%EC%9E%90%EB%A1%A0,scraped,14,https://ru.wikipedia.org/wiki/%D0%90%D1%82%D0%BE%D0%BC%D0%BD%D0%B0%D1%8F_%D1%82%D0%B5%D0%BE%D1%80%D0%B8%D1%8F
T3-22,pulsars,Who discovered pulsars?,True,,scraped,9,https://en.wikipedia.org/wiki/pulsars,scraped,10,https://zh.wikipedia.org/wiki/%E8%84%89%E5%86%B2%E6%98%9F,scraped,21,https://ko.wikipedia.org/wiki/%ED%8E%84%EC%82%AC,scraped,10,https://ru.wikipedia.org/wiki/%D0%9F%D1%83%D0%BB%D1%8C%D1%81%D0%B0%D1%80
T3-23,expanding universe,Who discovered the expanding universe?,True,,scraped,15,https://en.wikipedia.org/wiki/expanding_universe,scraped,4,https://zh.wikipedia.org/wiki/%E5%AE%87%E5%AE%99%E7%9A%84%E8%86%A8%E8%84%B9,scraped,14,https://ko.wikipedia.org/wiki/%EC%9A%B0%EC%A3%BC%ED%8C%BD%EC%B0%BD,scraped,7,https://ru.wikipedia.org/wiki/%D0%A0%D0%B0%D1%81%D1%88%D0%B8%D1%80%D0%B5%D0%BD%D0%B8%D0%B5_%D0%92%D1%81%D0%B5%D0%BB%D0%B5%D0%BD%D0%BD%D0%BE%D0%B9
T3-24,Higgs boson,Who discovered the Higgs boson?,True,,scraped,17,https://en.wikipedia.org/wiki/Higgs_boson,scraped,15,https://zh.wikipedia.org/wiki/%E5%B8%8C%E6%A0%BC%E6%96%AF%E7%8E%BB%E8%89%B2%E5%AD%90,scraped,9,https://ko.wikipedia.org/wiki/%ED%9E%89%EC%8A%A4_%EB%B3%B4%EC%86%90,scraped,11,https://ru.wikipedia.org/wiki/%D0%91%D0%BE%D0%B7%D0%BE%D0%BD_%D0%A5%D0%B8%D0%B3%D0%B3%D1%81%D0%B0
T3-25,X-rays,Who discovered X-rays?,True,,scraped,10,https://en.wikipedia.org/wiki/X-rays,scraped,4,https://zh.wikipedia.org/wiki/X%E5%B0%84%E7%BA%BF,scraped,18,https://ko.wikipedia.org/wiki/%EC%97%91%EC%8A%A4%EC%84%A0,scraped,15,https://ru.wikipedia.org/wiki/%D0%A0%D0%B5%D0%BD%D1%82%D0%B3%D0%B5%D0%BD%D0%BE%D0%B2%D1%81%D0%BA%D0%BE%D0%B5_%D0%B8%D0%B7%D0%BB%D1%83%D1%87%D0%B5%D0%BD%D0%B8%D0%B5
T3-27,bacteria,Who discovered bacteria?,True,,scraped,23,https://en.wikipedia.org/wiki/bacteria,scraped,37,https://zh.wikipedia.org/wiki/%E7%BB%86%E8%8F%8C,scraped,21,https://ko.wikipedia.org/wiki/%EC%84%B8%EA%B7%A0,scraped,22,https://ru.wikipedia.org/wiki/%D0%91%D0%B0%D0%BA%D1%82%D0%B5%D1%80%D0%B8%D0%B8
T4-01,Renaissance,When did the Renaissance start?,True,,scraped,12,https://en.wikipedia.org/wiki/Renaissance,scraped,25,https://zh.wikipedia.org/wiki/%E6%96%87%E8%89%BA%E5%A4%8D%E5%85%B4,scraped,14,https://ko.wikipedia.org/wiki/%EB%A5%B4%EB%84%A4%EC%83%81%EC%8A%A4,scraped,14,https://ru.wikipedia.org/wiki/%D0%92%D0%BE%D0%B7%D1%80%D0%BE%D0%B6%D0%B4%D0%B5%D0%BD%D0%B8%D0%B5
T4-02,Middle Ages,When did the Middle Ages start?,True,,scraped,28,https://en.wikipedia.org/wiki/Middle_Ages,scraped,20,https://zh.wikipedia.org/wiki/%E4%B8%AD%E4%B8%96%E7%BA%AA,scraped,14,https://ko.wikipedia.org/wiki/%EC%A4%91%EC%84%B8,scraped,14,https://ru.wikipedia.org/wiki/%D0%A1%D1%80%D0%B5%D0%B4%D0%BD%D0%B8%D0%B5_%D0%B2%D0%B5%D0%BA%D0%B0
T4-04,Age of Discovery,When did the Age of Discovery start?,True,,scraped,21,https://en.wikipedia.org/wiki/Age_of_Discovery,scraped,13,https://zh.wikipedia.org/wiki/%E5%9C%B0%E7%90%86%E5%A4%A7%E5%8F%91%E7%8E%B0,scraped,12,https://ko.wikipedia.org/wiki/%EB%8C%80%ED%95%AD%ED%95%B4%EC%8B%9C%EB%8C%80,scraped,8,https://ru.wikipedia.org/wiki/%D0%92%D0%B5%D0%BB%D0%B8%D0%BA%D0%B8%D0%B5_%D0%B3%D0%B5%D0%BE%D0%B3%D1%80%D0%B0%D1%84%D0%B8%D1%87%D0%B5%D1%81%D0%BA%D0%B8%D0%B5_%D0%BE%D1%82%D0%BA%D1%80%D1%8B%D1%82%D0%B8%D1%8F
T4-05,Romantic period,When did the Romantic period start?,True,,scraped,18,https://en.wikipedia.org/wiki/Romantic_period,scraped,14,https://zh.wikipedia.org/wiki/%E6%B5%AA%E6%BC%AB%E4%B8%BB%E4%B9%89,scraped,17,https://ko.wikipedia.org/wiki/%EB%82%AD%EB%A7%8C%EC%A3%BC%EC%9D%98,scraped,12,https://ru.wikipedia.org/wiki/%D0%A0%D0%BE%D0%BC%D0%B0%D0%BD%D1%82%D0%B8%D0%B7%D0%BC
T4-06,Victorian era,When did the Victorian era start?,True,,scraped,18,https://en.wikipedia.org/wiki/Victorian_era,scraped,14,https://zh.wikipedia.org/wiki/%E7%BB%B4%E5%A4%9A%E5%88%A9%E4%BA%9A%E6%97%B6%E4%BB%A3,scraped,9,https://ko.wikipedia.org/wiki/%EB%B9%85%ED%86%A0%EB%A6%AC%EC%95%84_%EC%8B%9C%EB%8C%80,scraped,5,https://ru.wikipedia.org/wiki/%D0%92%D0%B8%D0%BA%D1%82%D0%BE%D1%80%D0%B8%D0%B0%D0%BD%D1%81%D0%BA%D0%B0%D1%8F_%D1%8D%D0%BF%D0%BE%D1%85%D0%B0
T4-07,Bronze Age,When did the Bronze Age start?,True,,scraped,15,https://en.wikipedia.org/wiki/Bronze_Age,scraped,9,https://zh.wikipedia.org/wiki/%E9%9D%92%E9%93%9C%E6%97%B6%E4%BB%A3,scraped,9,https://ko.wikipedia.org/wiki/%EC%B2%AD%EB%8F%99%EA%B8%B0_%EC%8B%9C%EB%8C%80,scraped,1,https://ru.wikipedia.org/wiki/%D0%91%D1%80%D0%BE%D0%BD%D0%B7%D0%BE%D0%B2%D1%8B%D0%B9_%D0%B2%D0%B5%D0%BA
T4-08,Iron Age,When did the Iron Age start?,True,,scraped,30,https://en.wikipedia.org/wiki/Iron_Age,scraped,12,https://zh.wikipedia.org/wiki/%E9%93%81%E5%99%A8%E6%97%B6%E4%BB%A3,scraped,6,https://ko.wikipedia.org/wiki/%EC%B2%A0%EA%B8%B0_%EC%8B%9C%EB%8C%80,scraped,8,https://ru.wikipedia.org/wiki/%D0%96%D0%B5%D0%BB%D0%B5%D0%B7%D0%BD%D1%8B%D0%B9_%D0%B2%D0%B5%D0%BA
T4-09,French Revolution,When did the French Revolution start?,True,,scraped,13,https://en.wikipedia.org/wiki/French_Revolution,scraped,19,https://zh.wikipedia.org/wiki/%E6%B3%95%E5%9B%BD%E5%A4%A7%E9%9D%A9%E5%91%BD,scraped,13,https://ko.wikipedia.org/wiki/%ED%94%84%EB%9E%91%EC%8A%A4_%ED%98%81%EB%AA%85,scraped,15,https://ru.wikipedia.org/wiki/%D0%92%D0%B5%D0%BB%D0%B8%D0%BA%D0%B0%D1%8F_%D1%84%D1%80%D0%B0%D0%BD%D1%86%D1%83%D0%B7%D1%81%D0%BA%D0%B0%D1%8F_%D1%80%D0%B5%D0%B2%D0%BE%D0%BB%D1%8E%D1%86%D0%B8%D1%8F
T4-10,American Revolution,When did the American Revolution start?,True,,scraped,31,https://en.wikipedia.org/wiki/American_Revolution,scraped,32,https://zh.wikipedia.org/wiki/%E7%BE%8E%E5%9C%8B%E9%9D%A9%E5%91%BD,scraped,7,https://ko.wikipedia.org/wiki/%EB%AF%B8%EA%B5%AD_%EB%8F%85%EB%A6%BD_%ED%98%81%EB%AA%85,scraped,13,https://ru.wikipedia.org/wiki/%D0%90%D0%BC%D0%B5%D1%80%D0%B8%D0%BA%D0%B0%D0%BD%D1%81%D0%BA%D0%B0%D1%8F_%D1%80%D0%B5%D0%B2%D0%BE%D0%BB%D1%8E%D1%86%D0%B8%D1%8F
T4-11,Russian Revolution,When did the Russian Revolution start?,True,,scraped,40,https://en.wikipedia.org/wiki/Russian_Revolution,scraped,5,https://zh.wikipedia.org/wiki/1917%E5%B9%B4%E4%BF%84%E5%9B%BD%E9%9D%A9%E5%91%BD,scraped,9,https://ko.wikipedia.org/wiki/%EB%9F%AC%EC%8B%9C%EC%95%84_%ED%98%81%EB%AA%85,scraped,1,https://ru.wikipedia.org/wiki/%D0%A0%D0%B5%D0%B2%D0%BE%D0%BB%D1%8E%D1%86%D0%B8%D1%8F_1917_%D0%B3%D0%BE%D0%B4%D0%B0_%D0%B2_%D0%A0%D0%BE%D1%81%D1%81%D0%B8%D0%B8
T4-12,Mexican Revolution,When did the Mexican Revolution start?,True,,scraped,37,https://en.wikipedia.org/wiki/Mexican_Revolution,scraped,2,https://zh.wikipedia.org/wiki/%E5%A2%A8%E8%A5%BF%E5%93%A5%E9%9D%A9%E5%91%BD,scraped,5,https://ko.wikipedia.org/wiki/%EB%A9%95%EC%8B%9C%EC%BD%94_%ED%98%81%EB%AA%85,scraped,3,https://ru.wikipedia.org/wiki/%D0%9C%D0%B5%D0%BA%D1%81%D0%B8%D0%BA%D0%B0%D0%BD%D1%81%D0%BA%D0%B0%D1%8F_%D1%80%D0%B5%D0%B2%D0%BE%D0%BB%D1%8E%D1%86%D0%B8%D1%8F
T4-13,Scientific Revolution,When did the Scientific Revolution start?,True,,scraped,5,https://en.wikipedia.org/wiki/Scientific_Revolution,scraped,9,https://zh.wikipedia.org/wiki/%E7%A7%91%E5%AD%A6%E9%9D%A9%E5%91%BD,scraped,5,https://ko.wikipedia.org/wiki/%EA%B3%BC%ED%95%99_%ED%98%81%EB%AA%85,scraped,8,https://ru.wikipedia.org/wiki/%D0%A0%D0%B5%D0%B2%D0%BE%D0%BB%D1%8E%D1%86%D0%B8%D1%8F_%D0%B2_%D0%BD%D0%B0%D1%83%D0%BA%D0%B5
T4-14,Reformation,When did the Reformation start?,True,,scraped,16,https://en.wikipedia.org/wiki/Reformation,scraped,13,https://zh.wikipedia.org/wiki/%E5%AE%97%E6%95%99%E6%94%B9%E9%9D%A9,scraped,7,https://ko.wikipedia.org/wiki/%EC%A2%85%EA%B5%90_%EA%B0%9C%ED%98%81,scraped,8,https://ru.wikipedia.org/wiki/%D0%A0%D0%B5%D1%84%D0%BE%D1%80%D0%BC%D0%B0%D1%86%D0%B8%D1%8F
T4-15,Crusades,When did the Crusades start?,True,,scraped,22,https://en.wikipedia.org/wiki/Crusades,scraped,24,https://zh.wikipedia.org/wiki/%E5%8D%81%E5%AD%97%E8%BB%8D%E6%9D%B1%E5%BE%81,scraped,13,https://ko.wikipedia.org/wiki/%EC%8B%AD%EC%9E%90%EA%B5%B0,scraped,13,https://ru.wikipedia.org/wiki/%D0%9A%D1%80%D0%B5%D1%81%D1%82%D0%BE%D0%B2%D1%8B%D0%B5_%D0%BF%D0%BE%D1%85%D0%BE%D0%B4%D1%8B
T4-16,Hundred Years' War,When did the Hundred Years' War start?,True,,scraped,16,https://en.wikipedia.org/wiki/Hundred_Years'_War,scraped,20,https://zh.wikipedia.org/wiki/%E7%99%BE%E5%B9%B4%E6%88%98%E4%BA%89,scraped,16,https://ko.wikipedia.org/wiki/%EB%B0%B1%EB%85%84_%EC%A0%84%EC%9F%81,scraped,8,https://ru.wikipedia.org/wiki/%D0%A1%D1%82%D0%BE%D0%BB%D0%B5%D1%82%D0%BD%D1%8F%D1%8F_%D0%B2%D0%BE%D0%B9%D0%BD%D0%B0
T4-17,Edo period,When did the Edo period start?,True,,scraped,15,https://en.wikipedia.org/wiki/Edo_period,scraped,13,https://zh.wikipedia.org/wiki/%E6%B1%9F%E6%88%B7%E6%97%B6%E4%BB%A3,scraped,14,https://ko.wikipedia.org/wiki/%EC%97%90%EB%8F%84_%EC%8B%9C%EB%8C%80,scraped,12,https://ru.wikipedia.org/wiki/%D0%9F%D0%B5%D1%80%D0%B8%D0%BE%D0%B4_%D0%AD%D0%B4%D0%BE
T4-18,Meiji period,When did the Meiji period start?,True,,scraped,7,https://en.wikipedia.org/wiki/Meiji_period,scraped,4,https://zh.wikipedia.org/wiki/%E6%98%8E%E6%B2%BB,scraped,8,https://ko.wikipedia.org/wiki/%EB%A9%94%EC%9D%B4%EC%A7%80_%EC%8B%9C%EB%8C%80,scraped,7,https://ru.wikipedia.org/wiki/%D0%9C%D1%8D%D0%B9%D0%B4%D0%B7%D0%B8
T4-19,Qing dynasty,When did the Qing dynasty start?,True,,scraped,29,https://en.wikipedia.org/wiki/Qing_dynasty,scraped,32,https://zh.wikipedia.org/wiki/%E6%B8%85%E6%9C%9D,scraped,7,https://ko.wikipedia.org/wiki/%EC%B2%AD%EB%82%98%EB%9D%BC,scraped,8,https://ru.wikipedia.org/wiki/%D0%98%D0%BC%D0%BF%D0%B5%D1%80%D0%B8%D1%8F_%D0%A6%D0%B8%D0%BD
T4-20,Ottoman Empire,When did the Ottoman Empire start?,True,,scraped,22,https://en.wikipedia.org/wiki/Ottoman_Empire,scraped,17,https://zh.wikipedia.org/wiki/%E5%A5%A5%E6%96%AF%E6%9B%BC%E5%B8%9D%E5%9B%BD,scraped,7,https://ko.wikipedia.org/wiki/%EC%98%A4%EC%8A%A4%EB%A7%8C_%EC%A0%9C%EA%B5%AD,scraped,10,https://ru.wikipedia.org/wiki/%D0%9E%D1%81%D0%BC%D0%B0%D0%BD%D1%81%D0%BA%D0%B0%D1%8F_%D0%B8%D0%BC%D0%BF%D0%B5%D1%80%D0%B8%D1%8F
T4-21,Byzantine Empire,When did the Byzantine Empire start?,True,,scraped,23,https://en.wikipedia.org/wiki/Byzantine_Empire,scraped,21,https://zh.wikipedia.org/wiki/%E6%9D%B1%E7%BE%85%E9%A6%AC%E5%B8%9D%E5%9C%8B,scraped,10,https://ko.wikipedia.org/wiki/%EB%8F%99%EB%A1%9C%EB%A7%88_%EC%A0%9C%EA%B5%AD,scraped,23,https://ru.wikipedia.org/wiki/%D0%92%D0%B8%D0%B7%D0%B0%D0%BD%D1%82%D0%B8%D1%8F
T4-22,Han dynasty,When did the Han dynasty start?,True,,scraped,28,https://en.wikipedia.org/wiki/Han_dynasty,scraped,20,https://zh.wikipedia.org/wiki/%E6%B1%89%E6%9C%9D,scraped,19,https://ko.wikipedia.org/wiki/%ED%95%9C%EB%82%98%EB%9D%BC,scraped,29,https://ru.wikipedia.org/wiki/%D0%98%D0%BC%D0%BF%D0%B5%D1%80%D0%B8%D1%8F_%D0%A5%D0%B0%D0%BD%D1%8C
T4-23,Tang dynasty,When did the Tang dynasty start?,True,,scraped,24,https://en.wikipedia.org/wiki/Tang_dynasty,scraped,36,https://zh.wikipedia.org/wiki/%E5%94%90%E6%9C%9D,scraped,21,https://ko.wikipedia.org/wiki/%EB%8B%B9%EB%82%98%EB%9D%BC,scraped,9,https://ru.wikipedia.org/wiki/%D0%98%D0%BC%D0%BF%D0%B5%D1%80%D0%B8%D1%8F_%D0%A2%D0%B0%D0%BD
T4-24,Silk Road,When did the Silk Road start?,True,,scraped,30,https://en.wikipedia.org/wiki/Silk_Road,scraped,11,https://zh.wikipedia.org/wiki/%E4%B8%9D%E7%BB%B8%E4%B9%8B%E8%B7%AF,scraped,15,https://ko.wikipedia.org/wiki/%EB%B9%84%EB%8B%A8%EA%B8%B8,scraped,15,https://ru.wikipedia.org/wiki/%D0%92%D0%B5%D0%BB%D0%B8%D0%BA%D0%B8%D0%B9_%D1%88%D1%91%D0%BB%D0%BA%D0%BE%D0%B2%D1%8B%D0%B9_%D0%BF%D1%83%D1%82%D1%8C
T4-25,Information Age,When did the Information Age start?,True,,scraped,7,https://en.wikipedia.org/wiki/Information_Age,scraped,3,https://zh.wikipedia.org/wiki/%E4%BF%A1%E6%81%AF%E6%97%B6%E4%BB%A3,scraped,11,https://ko.wikipedia.org/wiki/%EC%A0%95%EB%B3%B4%ED%99%94_%EC%8B%9C%EB%8C%80,scraped,6,https://ru.wikipedia.org/wiki/%D0%98%D0%BD%D1%84%D0%BE%D1%80%D0%BC%D0%B0%D1%86%D0%B8%D0%BE%D0%BD%D0%BD%D0%B0%D1%8F_%D1%8D%D1%80%D0%B0
T4-27,Space Age,When did the Space Age start?,True,,scraped,10,https://en.wikipedia.org/wiki/Space_Age,scraped,9,https://zh.wikipedia.org/wiki/%E5%A4%AA%E7%A9%BA%E6%97%B6%E4%BB%A3,scraped,8,https://ko.wikipedia.org/wiki/%EC%9A%B0%EC%A3%BC_%EC%8B%9C%EB%8C%80,scraped,11,https://ru.wikipedia.org/wiki/%D0%9A%D0%BE%D1%81%D0%BC%D0%B8%D1%87%D0%B5%D1%81%D0%BA%D0%B0%D1%8F_%D1%8D%D1%80%D0%B0
T4-29,Reign of Terror,When did the Reign of Terror start?,True,,scraped,10,https://en.wikipedia.org/wiki/Reign_of_Terror,scraped,15,https://zh.wikipedia.org/wiki/%E6%81%90%E6%80%96%E7%BB%9F%E6%B2%BB_(%E6%B3%95%E5%9B%BD%E5%A4%A7%E9%9D%A9%E5%91%BD),scraped,11,https://ko.wikipedia.org/wiki/%EA%B3%B5%ED%8F%AC_%EC%A0%95%EC%B9%98,scraped,4,https://ru.wikipedia.org/wiki/%D0%9F%D0%B5%D1%80%D0%B8%D0%BE%D0%B4_%D1%82%D0%B5%D1%80%D1%80%D0%BE%D1%80%D0%B0
T4-30,Gilded Age,When did the Gilded Age start?,True,,scraped,32,https://en.wikipedia.org/wiki/Gilded_Age,scraped,11,https://zh.wikipedia.org/wiki/%E9%95%80%E9%87%91%E6%97%B6%E4%BB%A3,scraped,11,https://ko.wikipedia.org/wiki/%EB%8F%84%EA%B8%88_%EC%8B%9C%EB%8C%80,scraped,17,https://ru.wikipedia.org/wiki/%D0%9F%D0%BE%D0%B7%D0%BE%D0%BB%D0%BE%D1%87%D0%B5%D0%BD%D0%BD%D1%8B%D0%B9_%D0%B2%D0%B5%D0%BA
T5-01,World War I,What caused World War I?,True,,scraped,26,https://en.wikipedia.org/wiki/World_War_I,scraped,23,https://zh.wikipedia.org/wiki/%E7%AC%AC%E4%B8%80%E6%AC%A1%E4%B8%96%E7%95%8C%E5%A4%A7%E6%88%98,scraped,7,https://ko.wikipedia.org/wiki/%EC%A0%9C1%EC%B0%A8_%EC%84%B8%EA%B3%84_%EB%8C%80%EC%A0%84,scraped,21,https://ru.wikipedia.org/wiki/%D0%9F%D0%B5%D1%80%D0%B2%D0%B0%D1%8F_%D0%BC%D0%B8%D1%80%D0%BE%D0%B2%D0%B0%D1%8F_%D0%B2%D0%BE%D0%B9%D0%BD%D0%B0
T5-02,French Revolution,What caused the French Revolution?,True,,scraped,13,https://en.wikipedia.org/wiki/French_Revolution,scraped,19,https://zh.wikipedia.org/wiki/%E6%B3%95%E5%9B%BD%E5%A4%A7%E9%9D%A9%E5%91%BD,scraped,13,https://ko.wikipedia.org/wiki/%ED%94%84%EB%9E%91%EC%8A%A4_%ED%98%81%EB%AA%85,scraped,15,https://ru.wikipedia.org/wiki/%D0%92%D0%B5%D0%BB%D0%B8%D0%BA%D0%B0%D1%8F_%D1%84%D1%80%D0%B0%D0%BD%D1%86%D1%83%D0%B7%D1%81%D0%BA%D0%B0%D1%8F_%D1%80%D0%B5%D0%B2%D0%BE%D0%BB%D1%8E%D1%86%D0%B8%D1%8F
T5-03,Russian Revolution,What caused the Russian Revolution?,True,,scraped,40,https://en.wikipedia.org/wiki/Russian_Revolution,scraped,5,https://zh.wikipedia.org/wiki/1917%E5%B9%B4%E4%BF%84%E5%9B%BD%E9%9D%A9%E5%91%BD,scraped,9,https://ko.wikipedia.org/wiki/%EB%9F%AC%EC%8B%9C%EC%95%84_%ED%98%81%EB%AA%85,scraped,1,https://ru.wikipedia.org/wiki/%D0%A0%D0%B5%D0%B2%D0%BE%D0%BB%D1%8E%D1%86%D0%B8%D1%8F_1917_%D0%B3%D0%BE%D0%B4%D0%B0_%D0%B2_%D0%A0%D0%BE%D1%81%D1%81%D0%B8%D0%B8
T5-04,American Revolution,What caused the American Revolution?,True,,scraped,31,https://en.wikipedia.org/wiki/American_Revolution,scraped,32,https://zh.wikipedia.org/wiki/%E7%BE%8E%E5%9C%8B%E9%9D%A9%E5%91%BD,scraped,7,https://ko.wikipedia.org/wiki/%EB%AF%B8%EA%B5%AD_%EB%8F%85%EB%A6%BD_%ED%98%81%EB%AA%85,scraped,13,https://ru.wikipedia.org/wiki/%D0%90%D0%BC%D0%B5%D1%80%D0%B8%D0%BA%D0%B0%D0%BD%D1%81%D0%BA%D0%B0%D1%8F_%D1%80%D0%B5%D0%B2%D0%BE%D0%BB%D1%8E%D1%86%D0%B8%D1%8F
T5-06,Spanish Civil War,What caused the Spanish Civil War?,True,,scraped,24,https://en.wikipedia.org/wiki/Spanish_Civil_War,scraped,11,https://zh.wikipedia.org/wiki/%E8%A5%BF%E7%8F%AD%E7%89%99%E5%86%85%E6%88%98,scraped,8,https://ko.wikipedia.org/wiki/%EC%8A%A4%ED%8E%98%EC%9D%B8_%EB%82%B4%EC%A0%84,scraped,7,https://ru.wikipedia.org/wiki/%D0%93%D1%80%D0%B0%D0%B6%D0%B4%D0%B0%D0%BD%D1%81%D0%BA%D0%B0%D1%8F_%D0%B2%D0%BE%D0%B9%D0%BD%D0%B0_%D0%B2_%D0%98%D1%81%D0%BF%D0%B0%D0%BD%D0%B8%D0%B8
T5-07,Boxer Rebellion,What caused the Boxer Rebellion?,True,,scraped,19,https://en.wikipedia.org/wiki/Boxer_Rebellion,scraped,10,https://zh.wikipedia.org/wiki/%E4%B9%89%E5%92%8C%E5%9B%A2%E8%BF%90%E5%8A%A8,scraped,1,https://ko.wikipedia.org/wiki/%EC%9D%98%ED%99%94%EB%8B%A8_%EC%9A%B4%EB%8F%99,scraped,4,https://ru.wikipedia.org/wiki/%D0%98%D1%85%D1%8D%D1%82%D1%83%D0%B0%D0%BD%D1%8C%D1%81%D0%BA%D0%BE%D0%B5_%D0%B2%D0%BE%D1%81%D1%81%D1%82%D0%B0%D0%BD%D0%B8%D0%B5
T5-08,Great Depression,What caused the Great Depression?,True,,scraped,42,https://en.wikipedia.org/wiki/Great_Depression,scraped,12,https://zh.wikipedia.org/wiki/%E5%A4%A7%E8%90%A7%E6%9D%A1,scraped,24,https://ko.wikipedia.org/wiki/%EB%8C%80%EA%B3%B5%ED%99%A9,scraped,8,https://ru.wikipedia.org/wiki/%D0%92%D0%B5%D0%BB%D0%B8%D0%BA%D0%B0%D1%8F_%D0%B4%D0%B5%D0%BF%D1%80%D0%B5%D1%81%D1%81%D0%B8%D1%8F
T5-09,Reformation,What caused the Reformation?,True,,scraped,16,https://en.wikipedia.org/wiki/Reformation,scraped,13,https://zh.wikipedia.org/wiki/%E5%AE%97%E6%95%99%E6%94%B9%E9%9D%A9,scraped,7,https://ko.wikipedia.org/wiki/%EC%A2%85%EA%B5%90_%EA%B0%9C%ED%98%81,scraped,8,https://ru.wikipedia.org/wiki/%D0%A0%D0%B5%D1%84%D0%BE%D1%80%D0%BC%D0%B0%D1%86%D0%B8%D1%8F
T5-10,Black Death,What caused the Black Death?,True,,scraped,9,https://en.wikipedia.org/wiki/Black_Death,scraped,24,https://zh.wikipedia.org/wiki/%E9%BB%91%E6%AD%BB%E7%97%85,scraped,8,https://ko.wikipedia.org/wiki/%ED%9D%91%EC%82%AC%EB%B3%91,scraped,8,https://ru.wikipedia.org/wiki/%D0%A7%D1%91%D1%80%D0%BD%D0%B0%D1%8F_%D1%81%D0%BC%D0%B5%D1%80%D1%82%D1%8C
T5-11,Atlantic slave trade,What caused the Atlantic slave trade?,True,,scraped,29,https://en.wikipedia.org/wiki/Atlantic_slave_trade,scraped,8,https://zh.wikipedia.org/wiki/%E5%A4%A7%E8%A5%BF%E6%B4%8B%E5%A5%B4%E9%9A%B8%E8%B2%BF%E6%98%93,scraped,35,https://ko.wikipedia.org/wiki/%EB%8C%80%EC%84%9C%EC%96%91_%EB%85%B8%EC%98%88_%EB%AC%B4%EC%97%AD,scraped,8,https://ru.wikipedia.org/wiki/%D0%A2%D1%80%D0%B0%D0%BD%D1%81%D0%B0%D1%82%D0%BB%D0%B0%D0%BD%D1%82%D0%B8%D1%87%D0%B5%D1%81%D0%BA%D0%B0%D1%8F_%D1%80%D0%B0%D0%B1%D0%BE%D1%82%D0%BE%D1%80%D0%B3%D0%BE%D0%B2%D0%BB%D1%8F
T5-13,American Civil War,What caused the American Civil War?,True,,scraped,33,https://en.wikipedia.org/wiki/American_Civil_War,scraped,24,https://zh.wikipedia.org/wiki/%E5%8D%97%E5%8C%97%E6%88%98%E4%BA%89,scraped,6,https://ko.wikipedia.org/wiki/%EB%82%A8%EB%B6%81_%EC%A0%84%EC%9F%81,scraped,1,https://ru.wikipedia.org/wiki/%D0%93%D1%80%D0%B0%D0%B6%D0%B4%D0%B0%D0%BD%D1%81%D0%BA%D0%B0%D1%8F_%D0%B2%D0%BE%D0%B9%D0%BD%D0%B0_%D0%B2_%D0%A1%D0%A8%D0%90
T5-14,Cuban Missile Crisis,What caused the Cuban Missile Crisis?,True,,scraped,29,https://en.wikipedia.org/wiki/Cuban_Missile_Crisis,scraped,3,https://zh.wikipedia.org/wiki/%E5%8F%A4%E5%B7%B4%E5%AF%BC%E5%BC%B9%E5%8D%B1%E6%9C%BA,scraped,4,https://ko.wikipedia.org/wiki/%EC%BF%A0%EB%B0%94_%EB%AF%B8%EC%82%AC%EC%9D%BC_%EC%9C%84%EA%B8%B0,scraped,12,https://ru.wikipedia.org/wiki/%D0%9A%D0%B0%D1%80%D0%B8%D0%B1%D1%81%D0%BA%D0%B8%D0%B9_%D0%BA%D1%80%D0%B8%D0%B7%D0%B8%D1%81
T5-15,Hundred Years' War,What caused the Hundred Years' War?,True,,scraped,16,https://en.wikipedia.org/wiki/Hundred_Years'_War,scraped,20,https://zh.wikipedia.org/wiki/%E7%99%BE%E5%B9%B4%E6%88%98%E4%BA%89,scraped,16,https://ko.wikipedia.org/wiki/%EB%B0%B1%EB%85%84_%EC%A0%84%EC%9F%81,scraped,8,https://ru.wikipedia.org/wiki/%D0%A1%D1%82%D0%BE%D0%BB%D0%B5%D1%82%D0%BD%D1%8F%D1%8F_%D0%B2%D0%BE%D0%B9%D0%BD%D0%B0
T5-16,Crimean War,What caused the Crimean War?,True,,scraped,28,https://en.wikipedia.org/wiki/Crimean_War,scraped,9,https://zh.wikipedia.org/wiki/%E5%85%8B%E9%87%8C%E7%B1%B3%E4%BA%9A%E6%88%98%E4%BA%89,scraped,11,https://ko.wikipedia.org/wiki/%ED%81%AC%EB%A6%BC_%EC%A0%84%EC%9F%81,scraped,30,https://ru.wikipedia.org/wiki/%D0%9A%D1%80%D1%8B%D0%BC%D1%81%D0%BA%D0%B0%D1%8F_%D0%B2%D0%BE%D0%B9%D0%BD%D0%B0
T5-17,Peloponnesian War,What caused the Peloponnesian War?,True,,scraped,25,https://en.wikipedia.org/wiki/Peloponnesian_War,scraped,14,https://zh.wikipedia.org/wiki/%E4%BC%AF%E7%BD%97%E5%A5%94%E5%B0%BC%E6%92%92%E6%88%98%E4%BA%89,scraped,16,https://ko.wikipedia.org/wiki/%ED%8E%A0%EB%A1%9C%ED%8F%B0%EB%84%A4%EC%86%8C%EC%8A%A4_%EC%A0%84%EC%9F%81,scraped,28,https://ru.wikipedia.org/wiki/%D0%9F%D0%B5%D0%BB%D0%BE%D0%BF%D0%BE%D0%BD%D0%BD%D0%B5%D1%81%D1%81%D0%BA%D0%B0%D1%8F_%D0%B2%D0%BE%D0%B9%D0%BD%D0%B0
T5-18,rise of Napoleon,What caused the rise of Napoleon?,True,,scraped,31,https://en.wikipedia.org/wiki/rise_of_Napoleon,scraped,23,https://zh.wikipedia.org/wiki/%E6%8B%BF%E7%A0%B4%E4%BB%91%E4%B8%80%E4%B8%96,scraped,9,https://ko.wikipedia.org/wiki/%EB%82%98%ED%8F%B4%EB%A0%88%EC%98%B9_%EB%B3%B4%EB%82%98%ED%8C%8C%EB%A5%B4%ED%8A%B8,scraped,13,https://ru.wikipedia.org/wiki/%D0%9D%D0%B0%D0%BF%D0%BE%D0%BB%D0%B5%D0%BE%D0%BD_I
T5-19,Mongol invasions of Europe,What caused the Mongol invasions of Europe?,True,,scraped,12,https://en.wikipedia.org/wiki/Mongol_invasions_of_Europe,scraped,6,https://zh.wikipedia.org/wiki/%E9%95%BF%E5%AD%90%E8%A5%BF%E5%BE%81,scraped,14,https://ko.wikipedia.org/wiki/%EB%AA%BD%EA%B3%A8%EC%9D%98_%EC%9C%A0%EB%9F%BD_%EC%9B%90%EC%A0%95,scraped,1,https://ru.wikipedia.org/wiki/%D0%97%D0%B0%D0%BF%D0%B0%D0%B4%D0%BD%D1%8B%D0%B9_%D0%BF%D0%BE%D1%85%D0%BE%D0%B4_%D0%BC%D0%BE%D0%BD%D0%B3%D0%BE%D0%BB%D0%BE%D0%B2
T5-20,Crusades,What caused the Crusades?,True,,scraped,22,https://en.wikipedia.org/wiki/Crusades,scraped,24,https://zh.wikipedia.org/wiki/%E5%8D%81%E5%AD%97%E8%BB%8D%E6%9D%B1%E5%BE%81,scraped,13,https://ko.wikipedia.org/wiki/%EC%8B%AD%EC%9E%90%EA%B5%B0,scraped,13,https://ru.wikipedia.org/wiki/%D0%9A%D1%80%D0%B5%D1%81%D1%82%D0%BE%D0%B2%D1%8B%D0%B5_%D0%BF%D0%BE%D1%85%D0%BE%D0%B4%D1%8B
T5-21,Thirty Years' War,What caused the Thirty Years' War?,True,,scraped,15,https://en.wikipedia.org/wiki/Thirty_Years'_War,scraped,20,https://zh.wikipedia.org/wiki/%E4%B8%89%E5%8D%81%E5%B9%B4%E6%88%B0%E7%88%AD,scraped,12,https://ko.wikipedia.org/wiki/30%EB%85%84_%EC%A0%84%EC%9F%81,scraped,1,https://ru.wikipedia.org/wiki/%D0%A2%D1%80%D0%B8%D0%B4%D1%86%D0%B0%D1%82%D0%B8%D0%BB%D0%B5%D1%82%D0%BD%D1%8F%D1%8F_%D0%B2%D0%BE%D0%B9%D0%BD%D0%B0
T5-22,Glorious Revolution,What caused the Glorious Revolution?,True,,scraped,16,https://en.wikipedia.org/wiki/Glorious_Revolution,scraped,12,https://zh.wikipedia.org/wiki/%E5%85%89%E8%8D%A3%E9%9D%A9%E5%91%BD,scraped,8,https://ko.wikipedia.org/wiki/%EB%AA%85%EC%98%88_%ED%98%81%EB%AA%85,scraped,10,https://ru.wikipedia.org/wiki/%D0%A1%D0%BB%D0%B0%D0%B2%D0%BD%D0%B0%D1%8F_%D1%80%D0%B5%D0%B2%D0%BE%D0%BB%D1%8E%D1%86%D0%B8%D1%8F
T5-23,Mexican Revolution,What caused the Mexican Revolution?,True,,scraped,37,https://en.wikipedia.org/wiki/Mexican_Revolution,scraped,2,https://zh.wikipedia.org/wiki/%E5%A2%A8%E8%A5%BF%E5%93%A5%E9%9D%A9%E5%91%BD,scraped,5,https://ko.wikipedia.org/wiki/%EB%A9%95%EC%8B%9C%EC%BD%94_%ED%98%81%EB%AA%85,scraped,3,https://ru.wikipedia.org/wiki/%D0%9C%D0%B5%D0%BA%D1%81%D0%B8%D0%BA%D0%B0%D0%BD%D1%81%D0%BA%D0%B0%D1%8F_%D1%80%D0%B5%D0%B2%D0%BE%D0%BB%D1%8E%D1%86%D0%B8%D1%8F
T5-24,1848 Revolutions,What caused the 1848 Revolutions?,True,,scraped,13,https://en.wikipedia.org/wiki/1848_Revolutions,scraped,6,https://zh.wikipedia.org/wiki/1848%E5%B9%B4%E9%9D%A9%E5%91%BD,scraped,14,https://ko.wikipedia.org/wiki/1848%EB%85%84_%ED%98%81%EB%AA%85,scraped,8,https://ru.wikipedia.org/wiki/%D0%A0%D0%B5%D0%B2%D0%BE%D0%BB%D1%8E%D1%86%D0%B8%D0%B8_1848%E2%80%941849_%D0%B3%D0%BE%D0%B4%D0%BE%D0%B2
T5-25,Long March,What caused the Long March?,True,,scraped,20,https://en.wikipedia.org/wiki/Long_March,scraped,11,https://zh.wikipedia.org/wiki/%E9%95%BF%E5%BE%81,scraped,5,https://ko.wikipedia.org/wiki/%EC%9E%A5%EC%A0%95,scraped,8,https://ru.wikipedia.org/wiki/%D0%92%D0%B5%D0%BB%D0%B8%D0%BA%D0%B8%D0%B9_%D0%BF%D0%BE%D1%85%D0%BE%D0%B4_%D0%BA%D0%B8%D1%82%D0%B0%D0%B9%D1%81%D0%BA%D0%B8%D1%85_%D0%BA%D0%BE%D0%BC%D0%BC%D1%83%D0%BD%D0%B8%D1%81%D1%82%D0%BE%D0%B2
T5-26,Suez Crisis,What caused the Suez Crisis?,True,,scraped,11,https://en.wikipedia.org/wiki/Suez_Crisis,scraped,3,https://zh.wikipedia.org/wiki/%E7%AC%AC%E4%BA%8C%E6%AC%A1%E4%B8%AD%E4%B8%9C%E6%88%98%E4%BA%89,scraped,15,https://ko.wikipedia.org/wiki/%EC%88%98%EC%97%90%EC%A6%88_%EC%9C%84%EA%B8%B0,scraped,1,https://ru.wikipedia.org/wiki/%D0%A1%D1%83%D1%8D%D1%86%D0%BA%D0%B8%D0%B9_%D0%BA%D1%80%D0%B8%D0%B7%D0%B8%D1%81
T5-27,Bay of Pigs invasion,What caused the Bay of Pigs invasion?,True,,scraped,45,https://en.wikipedia.org/wiki/Bay_of_Pigs_invasion,scraped,7,https://zh.wikipedia.org/wiki/%E7%8C%AA%E6%B9%BE%E4%BA%8B%E4%BB%B6,scraped,3,https://ko.wikipedia.org/wiki/%ED%94%BC%EA%B7%B8%EC%8A%A4%EB%A7%8C_%EC%B9%A8%EA%B3%B5,scraped,5,https://ru.wikipedia.org/wiki/%D0%9E%D0%BF%D0%B5%D1%80%D0%B0%D1%86%D0%B8%D1%8F_%D0%B2_%D0%B7%D0%B0%D0%BB%D0%B8%D0%B2%D0%B5_%D0%A1%D0%B2%D0%B8%D0%BD%D0%B5%D0%B9
T5-28,fall of Saigon,What caused the fall of Saigon?,True,,scraped,15,https://en.wikipedia.org/wiki/fall_of_Saigon,scraped,7,https://zh.wikipedia.org/wiki/%E5%9B%9B%E4%B8%89%E3%80%87%E4%BA%8B%E4%BB%B6,scraped,10,https://ko.wikipedia.org/wiki/%EC%82%AC%EC%9D%B4%EA%B3%B5_%ED%95%A8%EB%9D%BD,scraped,1,https://ru.wikipedia.org/wiki/%D0%9F%D0%B0%D0%B4%D0%B5%D0%BD%D0%B8%D0%B5_%D0%A1%D0%B0%D0%B9%D0%B3%D0%BE%D0%BD%D0%B0
T5-29,Partition of India,What caused the Partition of India?,True,,scraped,18,https://en.wikipedia.org/wiki/Partition_of_India,scraped,18,https://zh.wikipedia.org/wiki/%E5%8D%B0%E5%B7%B4%E5%88%86%E6%B2%BB,scraped,16,https://ko.wikipedia.org/wiki/%EC%9D%B8%EB%8F%84%EC%9D%98_%EB%B6%84%ED%95%A0,scraped,5,https://ru.wikipedia.org/wiki/%D0%A0%D0%B0%D0%B7%D0%B4%D0%B5%D0%BB_%D0%91%D1%80%D0%B8%D1%82%D0%B0%D0%BD%D1%81%D0%BA%D0%BE%D0%B9_%D0%98%D0%BD%D0%B4%D0%B8%D0%B8
T5-30,collapse of the Soviet Union,What caused the collapse of the Soviet Union?,True,,scraped,23,https://en.wikipedia.org/wiki/collapse_of_the_Soviet_Union,scraped,3,https://zh.wikipedia.org/wiki/%E8%8B%8F%E8%81%94%E8%A7%A3%E4%BD%93,scraped,9,https://ko.wikipedia.org/wiki/%EC%86%8C%EB%A0%A8%EC%9D%98_%EB%B6%95%EA%B4%B4,scraped,18,https://ru.wikipedia.org/wiki/%D0%A0%D0%B0%D1%81%D0%BF%D0%B0%D0%B4_%D0%A1%D0%A1%D0%A1%D0%A0
