case_id,entity,question,predicted_labels,summary,omission_notes,confidence,raw_prediction
T1-09,Boxer Rebellion,Who won the Boxer Rebellion?,Type F — Omission,"English and Chinese panels explicitly state that the Boxer Rebellion was defeated by the Eight-Nation Alliance, with the rebellion ending in failure. Korean and Russian panels focus on listing participants (e.g., names of foreign powers and military forces) but do not mention the outcome of the conflict, leaving the question of who 'won' unanswered.","Korean and Russian panels emphasize the composition of the Eight-Nation Alliance and military figures but omit any discussion of the rebellion's defeat or the final result. English and Chinese panels directly address the outcome, stating the rebellion was crushed by the alliance.",high,"{""labels"": [""Type F — Omission""], ""summary"": ""English and Chinese panels explicitly state that the Boxer Rebellion was defeated by the Eight-Nation Alliance, with the rebellion ending in failure. Korean and Russian panels focus on listing participants (e.g., names of foreign powers and military forces) but do not mention the outcome of the conflict, leaving the question of who 'won' unanswered."", ""omission_notes"": ""Korean and Russian panels emphasize the composition of the Eight-Nation Alliance and military figures but omit any discussion of the rebellion's defeat or the final result. English and Chinese panels directly address the outcome, stating the rebellion was crushed by the alliance."", ""confidence"": ""high""}"
T1-22,Mongol invasions of Japan,Who won the Mongol invasions of Japan?,Type F — Omission,"The English panel explicitly states that the Mongol invasions of Japan were a failure and that Japan emerged victorious, citing the typhoons as a key factor. The Chinese and Korean panels describe the invasions as unsuccessful but do not directly mention the winner, focusing instead on the historical context, terminology, and defensive actions taken by Japan.",The Chinese and Korean panels discuss the invasions' failure and Japanese defense but do not explicitly state that Japan won. The English panel provides a clear outcome attribution to Japan.,high,"{""labels"": [""Type F — Omission""], ""summary"": ""The English panel explicitly states that the Mongol invasions of Japan were a failure and that Japan emerged victorious, citing the typhoons as a key factor. The Chinese and Korean panels describe the invasions as unsuccessful but do not directly mention the winner, focusing instead on the historical context, terminology, and defensive actions taken by Japan."", ""omission_notes"": ""The Chinese and Korean panels discuss the invasions' failure and Japanese defense but do not explicitly state that Japan won. The English panel provides a clear outcome attribution to Japan."", ""confidence"": ""high""}"
T1-25,Battle of Stalingrad,Who won the Battle of Stalingrad?,Type F — Omission,"English and Chinese panels explicitly state the Soviet Union won the Battle of Stalingrad, emphasizing its status as a decisive turning point. The Korean panel mentions the battle's outcome as a 'decisive turning point' without specifying the winner, while the Russian panel only lists the combatants (Soviet Union and Axis powers) without directly stating the result.","The Russian panel does not mention the Soviet victory or the Axis defeat, focusing solely on the involvement of military units. The Korean panel implies a Soviet victory through its emphasis on the battle's turning point nature but does not explicitly name the winner. English and Chinese panels clearly state the Soviet Union's victory.",high,"{""labels"": [""Type F — Omission""], ""summary"": ""English and Chinese panels explicitly state the Soviet Union won the Battle of Stalingrad, emphasizing its status as a decisive turning point. The Korean panel mentions the battle's outcome as a 'decisive turning point' without specifying the winner, while the Russian panel only lists the combatants (Soviet Union and Axis powers) without directly stating the result."", ""omission_notes"": ""The Russian panel does not mention the Soviet victory or the Axis defeat, focusing solely on the involvement of military units. The Korean panel implies a Soviet victory through its emphasis on the battle's turning point nature but does not explicitly name the winner. English and Chinese panels clearly state the Soviet Union's victory."", ""confidence"": ""high""}"
T2-02,radio,Who invented the radio?,Type F — Omission,"The English, Chinese, and Korean panels do not mention the invention of the radio, focusing instead on its technical principles, applications, and terminology. The Russian panel discusses the introduction of the term 'radio' by William Crookes in 1873 but does not explicitly address the invention of the radio technology itself, only noting that the term was coined before practical experiments in wireless telegraphy.","The English, Chinese, and Korean panels are silent on the invention of the radio technology, while the Russian panel provides information about the term's origin but does not discuss the actual invention of the technology. The invention of the radio is not covered in any of the panels, though the Russian panel does mention the term's introduction by Crookes.",medium,"{""labels"": [""Type F — Omission""], ""summary"": ""The English, Chinese, and Korean panels do not mention the invention of the radio, focusing instead on its technical principles, applications, and terminology. The Russian panel discusses the introduction of the term 'radio' by William Crookes in 1873 but does not explicitly address the invention of the radio technology itself, only noting that the term was coined before practical experiments in wireless telegraphy."", ""omission_notes"": ""The English, Chinese, and Korean panels are silent on the invention of the radio technology, while the Russian panel provides information about the term's origin but does not discuss the actual invention of the technology. The invention of the radio is not covered in any of the panels, though the Russian panel does mention the term's introduction by Crookes."", ""confidence"": ""medium""}"
T2-04,airplane,Who invented the airplane?,Type E — Definitional Boundary; Type B — Attribution; Type F — Omission,"The English and Korean panels disagree on the definition of 'airplane' and the inventor of the first aircraft. The English panel credits the Wright brothers as inventors of the first sustained and controlled heavier-than-air powered flight in 1903, while the Korean panel states that the first 'airplane' was invented by Gustave Whitehead in 1901, with the Wright brothers being the first powered aircraft. The Chinese panel aligns with the English on the Wright brothers' 1903 invention but does not mention Whitehead. The Russian panel is entirely silent on the invention of the airplane, omitting any discussion of inventors or dates.","The Russian panel does not address the invention of the airplane at all, focusing instead on terminology and aerodynamics. The English and Chinese panels provide clear attribution to the Wright brothers but do not mention Gustave Whitehead. The Korean panel explicitly attributes the first 'airplane' to Whitehead, which is not covered in the English or Chinese panels.",medium,"{""labels"": [""Type E — Definitional Boundary"", ""Type B — Attribution"", ""Type F — Omission""], ""summary"": ""The English and Korean panels disagree on the definition of 'airplane' and the inventor of the first aircraft. The English panel credits the Wright brothers as inventors of the first sustained and controlled heavier-than-air powered flight in 1903, while the Korean panel states that the first 'airplane' was invented by Gustave Whitehead in 1901, with the Wright brothers being the first powered aircraft. The Chinese panel aligns with the English on the Wright brothers' 1903 invention but does not mention Whitehead. The Russian panel is entirely silent on the invention of the airplane, omitting any discussion of inventors or dates."", ""omission_notes"": ""The Russian panel does not address the invention of the airplane at all, focusing instead on terminology and aerodynamics. The English and Chinese panels provide clear attribution to the Wright brothers but do not mention Gustave Whitehead. The Korean panel explicitly attributes the first 'airplane' to Whitehead, which is not covered in the English or Chinese panels."", ""confidence"": ""medium""}"
T2-09,calculus,Who invented calculus?,Type F — Omission,"The English panel explicitly attributes the invention of calculus to Isaac Newton and Gottfried Wilhelm Leibniz, stating they independently formulated it in the late 17th century. The Chinese, Korean, and Russian panels do not mention specific inventors, focusing instead on definitions, applications, and historical context without addressing the attribution of invention.",The Chinese and Korean panels provide detailed explanations of calculus concepts but omit any mention of Newton or Leibniz as inventors. The Russian panel discusses the historical precursors of mathematical analysis but also does not name specific inventors of calculus. The English panel is the only one that directly addresses the invention of calculus.,high,"{""labels"": [""Type F — Omission""], ""summary"": ""The English panel explicitly attributes the invention of calculus to Isaac Newton and Gottfried Wilhelm Leibniz, stating they independently formulated it in the late 17th century. The Chinese, Korean, and Russian panels do not mention specific inventors, focusing instead on definitions, applications, and historical context without addressing the attribution of invention."", ""omission_notes"": ""The Chinese and Korean panels provide detailed explanations of calculus concepts but omit any mention of Newton or Leibniz as inventors. The Russian panel discusses the historical precursors of mathematical analysis but also does not name specific inventors of calculus. The English panel is the only one that directly addresses the invention of calculus."", ""confidence"": ""high""}"
T3-01,Australia,Who discovered Australia?,Type F — Omission,"The English and Korean panels explicitly mention the Netherlands as the first European discoverers of Australia in the 17th century, while the Chinese panel only states that the continent was discovered during the 17th century Age of Exploration without specifying the exact European nation or individuals responsible. The English panel also highlights the indigenous Aboriginal Australians' long-standing presence, which the Chinese panel does not address directly.","The Chinese panel omits the specific European discoverers (e.g., the Dutch) and focuses solely on the general timeframe of discovery. The English and Korean panels provide detailed accounts of the Dutch's role in the 17th-century exploration and colonization, with the Korean panel explicitly naming the Netherlands as the discoverers in 1606.",medium,"{""labels"": [""Type F — Omission""], ""summary"": ""The English and Korean panels explicitly mention the Netherlands as the first European discoverers of Australia in the 17th century, while the Chinese panel only states that the continent was discovered during the 17th century Age of Exploration without specifying the exact European nation or individuals responsible. The English panel also highlights the indigenous Aboriginal Australians' long-standing presence, which the Chinese panel does not address directly."", ""omission_notes"": ""The Chinese panel omits the specific European discoverers (e.g., the Dutch) and focuses solely on the general timeframe of discovery. The English and Korean panels provide detailed accounts of the Dutch's role in the 17th-century exploration and colonization, with the Korean panel explicitly naming the Netherlands as the discoverers in 1606."", ""confidence"": ""medium""}"
T3-07,Neptune,Who discovered Neptune?,Type D — Framing,"All panels agree that Neptune was discovered through mathematical prediction rather than direct observation. English panels emphasize the role of Bouvard's orbital anomalies and Le Verrier's calculations, while Korean and Russian panels focus on Le Verrier's 1840s predictions and Galle's 1846 observations. Chinese panels highlight the phrase 'calculated on the tip of a pen' to underscore the predictive nature of the discovery, framing it as a unique achievement in astronomical methodology.",No panel is genuinely silent on the core discovery fact. All include the key elements of mathematical prediction and the involvement of Le Verrier/Galle. Chinese panels provide additional context about Neptune's physical characteristics but do not omit the discovery process. Russian panels mention Voyager-2's flyby but do not omit the primary discovery narrative.,high,"{""labels"": [""Type D — Framing""], ""summary"": ""All panels agree that Neptune was discovered through mathematical prediction rather than direct observation. English panels emphasize the role of Bouvard's orbital anomalies and Le Verrier's calculations, while Korean and Russian panels focus on Le Verrier's 1840s predictions and Galle's 1846 observations. Chinese panels highlight the phrase 'calculated on the tip of a pen' to underscore the predictive nature of the discovery, framing it as a unique achievement in astronomical methodology."", ""omission_notes"": ""No panel is genuinely silent on the core discovery fact. All include the key elements of mathematical prediction and the involvement of Le Verrier/Galle. Chinese panels provide additional context about Neptune's physical characteristics but do not omit the discovery process. Russian panels mention Voyager-2's flyby but do not omit the primary discovery narrative."", ""confidence"": ""high""}"
T4-01,Renaissance,When did the Renaissance start?,Type D — Framing,"The English and Chinese panels agree that the Renaissance began in the 14th century in Italy, but differ in emphasis. The English text highlights the revival of classical antiquity and its role in cultural and intellectual transformation, while the Chinese panel emphasizes the movement's purpose to challenge medieval societal corruption and introduce new ideas. The Russian and Korean panels focus on the 14th to 16th century timeframe and Italy's role as the origin, without explicitly contrasting these framing perspectives.","The Russian and Korean panels do not mention the debate about the Renaissance's specific starting point in Florence, while the Chinese panel explicitly notes this debate. The English panel also does not address the debate but focuses on the broader timeframe and cultural context.",high,"{""labels"": [""Type D — Framing""], ""summary"": ""The English and Chinese panels agree that the Renaissance began in the 14th century in Italy, but differ in emphasis. The English text highlights the revival of classical antiquity and its role in cultural and intellectual transformation, while the Chinese panel emphasizes the movement's purpose to challenge medieval societal corruption and introduce new ideas. The Russian and Korean panels focus on the 14th to 16th century timeframe and Italy's role as the origin, without explicitly contrasting these framing perspectives."", ""omission_notes"": ""The Russian and Korean panels do not mention the debate about the Renaissance's specific starting point in Florence, while the Chinese panel explicitly notes this debate. The English panel also does not address the debate but focuses on the broader timeframe and cultural context."", ""confidence"": ""high""}"
T4-19,Qing dynasty,When did the Qing dynasty start?,Type E — Definitional Boundary; Type F — Omission,"English and Chinese panels both cite 1636 and 1644 as potential start dates, with English emphasizing 1644 as the traditional beginning of Qing rule in Beijing. Korean panel mentions 1636 as the year of the 'Great Qing' name change but notes 1644 as the date of the capital relocation. Russian panel only states 1644-1912 without mentioning 1636, creating definitional boundary disputes over whether the dynasty's establishment includes its 1636 foundation or 1644 Beijing takeover.","Russian panel completely omits the 1636 date entirely, while Chinese panel provides detailed chronology including both 1636 and 1644. English panel acknowledges both dates but frames them differently. Korean panel mentions 1636 but does not elaborate on its significance compared to 1644.",high,"{""labels"": [""Type E — Definitional Boundary"", ""Type F — Omission""], ""summary"": ""English and Chinese panels both cite 1636 and 1644 as potential start dates, with English emphasizing 1644 as the traditional beginning of Qing rule in Beijing. Korean panel mentions 1636 as the year of the 'Great Qing' name change but notes 1644 as the date of the capital relocation. Russian panel only states 1644-1912 without mentioning 1636, creating definitional boundary disputes over whether the dynasty's establishment includes its 1636 foundation or 1644 Beijing takeover."", ""omission_notes"": ""Russian panel completely omits the 1636 date entirely, while Chinese panel provides detailed chronology including both 1636 and 1644. English panel acknowledges both dates but frames them differently. Korean panel mentions 1636 but does not elaborate on its significance compared to 1644."", ""confidence"": ""high""}"
T4-21,Byzantine Empire,When did the Byzantine Empire start?,Type A — Factual Divergence; Type C — Outcome,"The English panel states the Byzantine Empire began after the fall of the Western Roman Empire in the 5th century (476 AD), while the Chinese panel lists multiple proposed start dates, including 284 AD (Diocletian's division) and 395 AD (Theodosius I's death). The Korean and Russian panels both cite 395 AD as the start date, aligning with the Chinese mainstream view. The English panel emphasizes the empire's continuation post-Western collapse, whereas the Chinese panel highlights historical debates over the exact starting point.","The English panel does not explicitly mention the 284 AD date, which is explicitly cited in the Chinese panel. The Korean and Russian panels do not reference the 284 AD or 330 AD dates, but they do agree with the 395 AD mainstream view. The Chinese panel includes additional historical perspectives not covered in the other panels.",medium,"{""labels"": [""Type A — Factual Divergence"", ""Type C — Outcome""], ""summary"": ""The English panel states the Byzantine Empire began after the fall of the Western Roman Empire in the 5th century (476 AD), while the Chinese panel lists multiple proposed start dates, including 284 AD (Diocletian's division) and 395 AD (Theodosius I's death). The Korean and Russian panels both cite 395 AD as the start date, aligning with the Chinese mainstream view. The English panel emphasizes the empire's continuation post-Western collapse, whereas the Chinese panel highlights historical debates over the exact starting point."", ""omission_notes"": ""The English panel does not explicitly mention the 284 AD date, which is explicitly cited in the Chinese panel. The Korean and Russian panels do not reference the 284 AD or 330 AD dates, but they do agree with the 395 AD mainstream view. The Chinese panel includes additional historical perspectives not covered in the other panels."", ""confidence"": ""medium""}"
T5-09,Reformation,What caused the Reformation?,Type D — Framing; Type F — Omission,"English and Korean panels emphasize Martin Luther's 1517 Ninety-five Theses as the catalyst, framing the Reformation as a challenge to papal authority and institutional corruption. Chinese and Russian panels highlight doctrinal disagreements (e.g., justification by faith vs. works) as the core cause, with Chinese sources explicitly stating '教義上的歧見才是引发宗教改革的關鍵' and adding factors like the Black Death's impact and the Western Schism. Russian sources focus on the 1648 Treaty of Westphalia as the endpoint, while English sources note scholarly disputes over the era's end.","English panels omit discussion of the Black Death's role and the Western Schism as contributing factors. Chinese panels provide detailed context about earlier reformers (Wycliffe, Hus) and socio-political influences, which are not mentioned in English sources. Russian panels do not address the Black Death or Western Schism, but they do mention the 1648 Treaty of Westphalia as the endpoint.",high,"{""labels"": [""Type D — Framing"", ""Type F — Omission""], ""summary"": ""English and Korean panels emphasize Martin Luther's 1517 Ninety-five Theses as the catalyst, framing the Reformation as a challenge to papal authority and institutional corruption. Chinese and Russian panels highlight doctrinal disagreements (e.g., justification by faith vs. works) as the core cause, with Chinese sources explicitly stating '教義上的歧見才是引发宗教改革的關鍵' and adding factors like the Black Death's impact and the Western Schism. Russian sources focus on the 1648 Treaty of Westphalia as the endpoint, while English sources note scholarly disputes over the era's end."", ""omission_notes"": ""English panels omit discussion of the Black Death's role and the Western Schism as contributing factors. Chinese panels provide detailed context about earlier reformers (Wycliffe, Hus) and socio-political influences, which are not mentioned in English sources. Russian panels do not address the Black Death or Western Schism, but they do mention the 1648 Treaty of Westphalia as the endpoint."", ""confidence"": ""high""}"
T5-20,Crusades,What caused the Crusades?,Type D — Framing; Type E — Definitional Boundary,"The English and Chinese panels emphasize the papacy's role in initiating the Crusades as a religious campaign to reclaim Jerusalem, focusing on spiritual motivations and the establishment of Crusader states. The Korean and Russian panels highlight diverse motives, including feudal interests, political ambitions, and the broader context of religious and social conflicts. The Russian panel also notes the Crusades' expansion beyond Muslim targets to include pagans and heretics, while the Korean panel introduces the definitional boundary of the term 'Crusades' not being used until the 18th century.","The English and Chinese panels do not address the historical origin of the term 'Crusades' or its later usage, while the Korean panel explicitly mentions this. The Russian panel's snippet is incomplete but does not reference the term's etymology. The omission of the term's definitional timeline is specific to the English and Chinese panels, whereas the Korean and Russian panels provide this detail.",medium,"{""labels"": [""Type D — Framing"", ""Type E — Definitional Boundary""], ""summary"": ""The English and Chinese panels emphasize the papacy's role in initiating the Crusades as a religious campaign to reclaim Jerusalem, focusing on spiritual motivations and the establishment of Crusader states. The Korean and Russian panels highlight diverse motives, including feudal interests, political ambitions, and the broader context of religious and social conflicts. The Russian panel also notes the Crusades' expansion beyond Muslim targets to include pagans and heretics, while the Korean panel introduces the definitional boundary of the term 'Crusades' not being used until the 18th century."", ""omission_notes"": ""The English and Chinese panels do not address the historical origin of the term 'Crusades' or its later usage, while the Korean panel explicitly mentions this. The Russian panel's snippet is incomplete but does not reference the term's etymology. The omission of the term's definitional timeline is specific to the English and Chinese panels, whereas the Korean and Russian panels provide this detail."", ""confidence"": ""medium""}"
T5-29,Partition of India,What caused the Partition of India?,Type B — Attribution; Type D — Framing; Type F — Omission,"The English and Chinese panels focus on the division of provinces (Bengal, Punjab) based on religious majorities and the legal framework of the Indian Independence Act 1947. The Korean panel emphasizes the Radcliffe Line as the boundary-drawing mechanism, while the Russian panel attributes the partition to the formation of the All-India Muslim League and Muhammad Ali Jinnah's advocacy for a separate Muslim state, which is not explicitly mentioned in the English or Chinese snippets. The Russian panel also omits detailed discussion of the Princely States' role in the partition process, which is explicitly addressed in the Chinese text.","The Russian panel omits the Princely States' political integration process and their rulers' initial choice of independence, which is explicitly covered in the Chinese text. The Korean panel does not mention the Princely States or the Muslim League's role, which are emphasized in the Chinese and Russian texts respectively. The English panel does not address the Muslim League's role or the Princely States' political status in detail.",medium,"{""labels"": [""Type B — Attribution"", ""Type D — Framing"", ""Type F — Omission""], ""summary"": ""The English and Chinese panels focus on the division of provinces (Bengal, Punjab) based on religious majorities and the legal framework of the Indian Independence Act 1947. The Korean panel emphasizes the Radcliffe Line as the boundary-drawing mechanism, while the Russian panel attributes the partition to the formation of the All-India Muslim League and Muhammad Ali Jinnah's advocacy for a separate Muslim state, which is not explicitly mentioned in the English or Chinese snippets. The Russian panel also omits detailed discussion of the Princely States' role in the partition process, which is explicitly addressed in the Chinese text."", ""omission_notes"": ""The Russian panel omits the Princely States' political integration process and their rulers' initial choice of independence, which is explicitly covered in the Chinese text. The Korean panel does not mention the Princely States or the Muslim League's role, which are emphasized in the Chinese and Russian texts respectively. The English panel does not address the Muslim League's role or the Princely States' political status in detail."", ""confidence"": ""medium""}"
T5-30,collapse of the Soviet Union,What caused the collapse of the Soviet Union?,Type D — Framing; Type F — Omission,"The English and Russian panels agree that economic stagnation and Gorbachev's reforms (perestroika and glasnost) were key factors, but differ in emphasis. The English panel highlights the arms race with the U.S., foreign conflicts, and ethnic nationalism as primary causes, while the Russian panel focuses on the structural contradiction of the federal system masking a unitary structure. The Chinese panel shifts focus to geopolitical outcomes rather than direct causes, emphasizing the end of the Cold War and the collapse of the Yalta system.","The Chinese panel does not mention the arms race, economic stagnation, or ethnic separatism as causes of the collapse. Instead, it centers on the geopolitical consequences, omitting the internal structural and economic factors that the English and Russian panels explicitly address.",high,"{""labels"": [""Type D — Framing"", ""Type F — Omission""], ""summary"": ""The English and Russian panels agree that economic stagnation and Gorbachev's reforms (perestroika and glasnost) were key factors, but differ in emphasis. The English panel highlights the arms race with the U.S., foreign conflicts, and ethnic nationalism as primary causes, while the Russian panel focuses on the structural contradiction of the federal system masking a unitary structure. The Chinese panel shifts focus to geopolitical outcomes rather than direct causes, emphasizing the end of the Cold War and the collapse of the Yalta system."", ""omission_notes"": ""The Chinese panel does not mention the arms race, economic stagnation, or ethnic separatism as causes of the collapse. Instead, it centers on the geopolitical consequences, omitting the internal structural and economic factors that the English and Russian panels explicitly address."", ""confidence"": ""high""}"
