question,language,translated_query,rank,title,url,snippet,auto_labels,llm_summary,omission_notes,confidence
When did World War II start?,English,When did World War II start?,1,World War II - Wikipedia,https://en.wikipedia.org/wiki/World_War_II,"Key events preceding the war included Japan&#x27;s invasion of Manchuria in 1931, the Spanish Civil War, the outbreak of the Second Sino-Japanese War in 1937, and Germany&#x27;s annexations of Austria and the Sudetenland. World War II is generally considered to have begun on <strong>1 September 1939</strong>, when Nazi ...",Type E — Definitional Boundary,"The English and Russian panels uniformly cite September 1, 1939, as the start of World War II, referencing Germany's invasion of Poland. The Chinese panel introduces an alternative perspective, noting that some view the war as beginning earlier on July 7, 1937, with the Marco Polo Bridge Incident, which marked the start of the Chinese抗日战争 (War of Resistance against Japan). This reflects a definitional difference in how the war's timeline is bounded, with the Chinese panel emphasizing regional events while the English/Russian panels focus on the global conflict's onset.","The English and Russian panels do not mention the 1937 Marco Polo Bridge Incident as a potential starting point, while the Chinese panel explicitly highlights it. The Chinese panel also does not address the broader global context of the war's start beyond the 1937 and 1939 dates.",high
When did World War II start?,English,When did World War II start?,2,World War II Dates and Timeline - Holocaust Encyclopedia,https://encyclopedia.ushmm.org/content/en/article/world-war-ii-key-dates,"<strong>December 8, 1941</strong> The United States declares war on Japan, entering World War II. Japanese troops land in the Philippines, French Indochina (Vietnam, Laos, Cambodia), and British Singapore.",Type E — Definitional Boundary,"The English and Russian panels uniformly cite September 1, 1939, as the start of World War II, referencing Germany's invasion of Poland. The Chinese panel introduces an alternative perspective, noting that some view the war as beginning earlier on July 7, 1937, with the Marco Polo Bridge Incident, which marked the start of the Chinese抗日战争 (War of Resistance against Japan). This reflects a definitional difference in how the war's timeline is bounded, with the Chinese panel emphasizing regional events while the English/Russian panels focus on the global conflict's onset.","The English and Russian panels do not mention the 1937 Marco Polo Bridge Incident as a potential starting point, while the Chinese panel explicitly highlights it. The Chinese panel also does not address the broader global context of the war's start beyond the 1937 and 1939 dates.",high
When did World War II start?,English,When did World War II start?,3,World War II Facts - FDR Presidential Library & Museum,https://www.fdrlibrary.org/wwii-facts,"World War II formally began on <strong>September 1, 1939</strong> when Germany invaded Poland without a formal declaration of war. In support of their mutual defense treaty obligations with Poland, France and Great Britain issued ultimatums to Hitler for the immediate withdrawal of German forces from Poland.",Type E — Definitional Boundary,"The English and Russian panels uniformly cite September 1, 1939, as the start of World War II, referencing Germany's invasion of Poland. The Chinese panel introduces an alternative perspective, noting that some view the war as beginning earlier on July 7, 1937, with the Marco Polo Bridge Incident, which marked the start of the Chinese抗日战争 (War of Resistance against Japan). This reflects a definitional difference in how the war's timeline is bounded, with the Chinese panel emphasizing regional events while the English/Russian panels focus on the global conflict's onset.","The English and Russian panels do not mention the 1937 Marco Polo Bridge Incident as a potential starting point, while the Chinese panel explicitly highlights it. The Chinese panel also does not address the broader global context of the war's start beyond the 1937 and 1939 dates.",high
When did World War II start?,Chinese,第二次世界大战什么时候开始？,1,第二次世界大战_百度百科,https://baike.baidu.com/archive/%E7%AC%AC%E4%BA%8C%E6%AC%A1%E4%B8%96%E7%95%8C%E5%A4%A7%E6%88%98/127100814,1939年9月1日，德军集中强...宣战。第二次世界大战全面爆发。 [9] 英、法对德意志第三帝国宣战后，没有对德意志第三帝国法西斯发动大规模的进攻，致使波兰军队孤军奋战。 · 1939年9月，波兰覆亡。苏维埃社会主义共和国联盟趁德军侵入波兰之际，开始向西扩展...,Type E — Definitional Boundary,"The English and Russian panels uniformly cite September 1, 1939, as the start of World War II, referencing Germany's invasion of Poland. The Chinese panel introduces an alternative perspective, noting that some view the war as beginning earlier on July 7, 1937, with the Marco Polo Bridge Incident, which marked the start of the Chinese抗日战争 (War of Resistance against Japan). This reflects a definitional difference in how the war's timeline is bounded, with the Chinese panel emphasizing regional events while the English/Russian panels focus on the global conflict's onset.","The English and Russian panels do not mention the 1937 Marco Polo Bridge Incident as a potential starting point, while the Chinese panel explicitly highlights it. The Chinese panel also does not address the broader global context of the war's start beyond the 1937 and 1939 dates.",high
When did World War II start?,Chinese,第二次世界大战什么时候开始？,2,第二次世界大战 - 维基百科，自由的百科全书,https://zh.wikipedia.org/zh-cn/%E7%AC%AC%E4%BA%8C%E6%AC%A1%E4%B8%96%E7%95%8C%E5%A4%A7%E6%88%98,一般认为，战争始于<strong>1939年9月1日德国入侵波兰， 3天之后英国和法国便先后对德国宣战</strong>。 另有观点认为，战争早在1937年7月7日卢沟桥事变（又称七七事变），中国抗日战争爆发之后便已经开始。 · 英国历史学家安东尼·毕...,Type E — Definitional Boundary,"The English and Russian panels uniformly cite September 1, 1939, as the start of World War II, referencing Germany's invasion of Poland. The Chinese panel introduces an alternative perspective, noting that some view the war as beginning earlier on July 7, 1937, with the Marco Polo Bridge Incident, which marked the start of the Chinese抗日战争 (War of Resistance against Japan). This reflects a definitional difference in how the war's timeline is bounded, with the Chinese panel emphasizing regional events while the English/Russian panels focus on the global conflict's onset.","The English and Russian panels do not mention the 1937 Marco Polo Bridge Incident as a potential starting point, while the Chinese panel explicitly highlights it. The Chinese panel also does not address the broader global context of the war's start beyond the 1937 and 1939 dates.",high
When did World War II start?,Chinese,第二次世界大战什么时候开始？,3,第二次世界大战始末时间-伯来网络,https://www.csbolai.com/article/18616.html,战争的导火索是1939年9月1日，纳粹德国在希特勒的领导下入侵波兰。这一侵略行为引发了英国和法国的强烈反响，它们于9月3日对德国宣战，从而标志着第二次世界大战的正式开始。随着德国的迅速扩张，许多欧洲国家相继陷入战争之中。,Type E — Definitional Boundary,"The English and Russian panels uniformly cite September 1, 1939, as the start of World War II, referencing Germany's invasion of Poland. The Chinese panel introduces an alternative perspective, noting that some view the war as beginning earlier on July 7, 1937, with the Marco Polo Bridge Incident, which marked the start of the Chinese抗日战争 (War of Resistance against Japan). This reflects a definitional difference in how the war's timeline is bounded, with the Chinese panel emphasizing regional events while the English/Russian panels focus on the global conflict's onset.","The English and Russian panels do not mention the 1937 Marco Polo Bridge Incident as a potential starting point, while the Chinese panel explicitly highlights it. The Chinese panel also does not address the broader global context of the war's start beyond the 1937 and 1939 dates.",high
When did World War II start?,Russian,Когда началась Вторая мировая война?,1,Вторая мировая война — Википедия,https://ru.wikipedia.org/wiki/%D0%92%D1%82%D0%BE%D1%80%D0%B0%D1%8F_%D0%BC%D0%B8%D1%80%D0%BE%D0%B2%D0%B0%D1%8F_%D0%B2%D0%BE%D0%B9%D0%BD%D0%B0,"Началом Второй мировой войны считается <strong>1 сентября 1939</strong> года, когда нацистская Германия начала вторжение в Польшу. За этим 3 сентября последовало объявление войны ...",Type E — Definitional Boundary,"The English and Russian panels uniformly cite September 1, 1939, as the start of World War II, referencing Germany's invasion of Poland. The Chinese panel introduces an alternative perspective, noting that some view the war as beginning earlier on July 7, 1937, with the Marco Polo Bridge Incident, which marked the start of the Chinese抗日战争 (War of Resistance against Japan). This reflects a definitional difference in how the war's timeline is bounded, with the Chinese panel emphasizing regional events while the English/Russian panels focus on the global conflict's onset.","The English and Russian panels do not mention the 1937 Marco Polo Bridge Incident as a potential starting point, while the Chinese panel explicitly highlights it. The Chinese panel also does not address the broader global context of the war's start beyond the 1937 and 1939 dates.",high
When did World War II start?,Russian,Когда началась Вторая мировая война?,2,Началась Вторая мировая война | Президентская библиотека имени Б.Н. Ельцина,https://www.prlib.ru/history/1981738,"<strong>1 сентября 1939</strong> года в 4 часа 45 минут на территорию Польши согласно плану «Вайс» вторглись 3-я и 4-я германские армии, объединённые в группу армий «Север» под коман...",Type E — Definitional Boundary,"The English and Russian panels uniformly cite September 1, 1939, as the start of World War II, referencing Germany's invasion of Poland. The Chinese panel introduces an alternative perspective, noting that some view the war as beginning earlier on July 7, 1937, with the Marco Polo Bridge Incident, which marked the start of the Chinese抗日战争 (War of Resistance against Japan). This reflects a definitional difference in how the war's timeline is bounded, with the Chinese panel emphasizing regional events while the English/Russian panels focus on the global conflict's onset.","The English and Russian panels do not mention the 1937 Marco Polo Bridge Incident as a potential starting point, while the Chinese panel explicitly highlights it. The Chinese panel also does not address the broader global context of the war's start beyond the 1937 and 1939 dates.",high
When did World War II start?,Russian,Когда началась Вторая мировая война?,3,"Вторая мировая война, 1939-1945",https://www.noo-journal.ru/world-war-ii/,Первый период войны (<strong>1.9.1939 – 21.6.1941) Вторжение войск фашистского блока в страны Европы и Северную Африку. Разгром Польши и Франции. Оккупация других территорий · Нападением 1.9.1939 г. Германии на Польшу</strong> ...,Type E — Definitional Boundary,"The English and Russian panels uniformly cite September 1, 1939, as the start of World War II, referencing Germany's invasion of Poland. The Chinese panel introduces an alternative perspective, noting that some view the war as beginning earlier on July 7, 1937, with the Marco Polo Bridge Incident, which marked the start of the Chinese抗日战争 (War of Resistance against Japan). This reflects a definitional difference in how the war's timeline is bounded, with the Chinese panel emphasizing regional events while the English/Russian panels focus on the global conflict's onset.","The English and Russian panels do not mention the 1937 Marco Polo Bridge Incident as a potential starting point, while the Chinese panel explicitly highlights it. The Chinese panel also does not address the broader global context of the war's start beyond the 1937 and 1939 dates.",high
